Position,Games,FantasyPoints,PlayerID,AvgFPPG
QB,15,378.0,jalen hurts0,25.2
QB,16,396.0,josh allen0,24.75
QB,17,416.0,patrick mahomes0,24.470588235294116
QB,16,351.0,joe burrow0,21.9375
QB,1,21.0,davis webb0,21.0
QB,15,296.0,justin fields0,19.733333333333334
QB,12,236.0,lamar jackson0,19.666666666666668
QB,11,201.0,kyler murray0,18.272727272727273
QB,16,289.0,daniel jones0,18.0625
QB,1,18.0,sam howell0,18.0
QB,17,304.0,geno smith0,17.88235294117647
QB,13,231.0,tua tagovailoa0,17.76923076923077
QB,17,296.0,trevor lawrence0,17.41176470588235
QB,17,292.0,kirk cousins0,17.176470588235293
RB,16,270.0,derrick henry0,16.875
QB,17,283.0,jared goff0,16.647058823529413
QB,12,199.0,dak prescott0,16.583333333333332
QB,17,279.0,justin herbert0,16.41176470588235
RB,17,275.0,josh jacobs0,16.176470588235293
QB,17,272.0,tom brady0,16.0
RB,17,271.0,christian mccaffrey0,15.941176470588236
RB,17,266.0,austin ekeler0,15.647058823529411
QB,13,197.0,marcus mariota0,15.153846153846153
QB,15,225.0,russell wilson0,15.0
QB,11,165.0,jimmy garoppolo0,15.0
RB,17,254.0,nick chubb0,14.941176470588236
QB,3,44.0,jameis winston0,14.666666666666666
QB,15,219.0,derek carr0,14.6
QB,6,86.0,deshaun watson0,14.333333333333334
QB,6,86.0,sam darnold0,14.333333333333334
QB,4,57.0,mike white0,14.25
RB,16,227.0,saquon barkley0,14.1875
WR,17,241.0,justin jefferson0,14.176470588235293
QB,8,113.0,carson wentz0,14.125
QB,17,239.0,aaron rodgers0,14.058823529411764
WR,9,126.0,cooper kupp0,14.0
WR,17,236.0,davante adams0,13.882352941176471
RB,7,96.0,breece hall0,13.714285714285714
QB,12,161.0,ryan tannehill0,13.416666666666666
WR,17,228.0,tyreek hill0,13.411764705882353
RB,16,210.0,tony pollard0,13.125
WR,16,209.0,stefon diggs0,13.0625
WR,12,155.0,ja'marr chase0,12.916666666666666
QB,12,155.0,matt ryan0,12.916666666666666
QB,9,116.0,taylor heinicke0,12.88888888888889
RB,14,180.0,joe mixon0,12.857142857142858
RB,17,214.0,jamaal williams0,12.588235294117647
WR,17,212.0,a.j. brown0,12.470588235294118
QB,14,174.0,andy dalton0,12.428571428571429
QB,14,170.0,mac jones0,12.142857142857142
QB,15,182.0,davis mills0,12.133333333333333
TE,17,206.0,travis kelce0,12.117647058823529
QB,9,108.0,matthew stafford0,12.0
RB,13,154.0,james conner0,11.846153846153847
QB,9,106.0,brock purdy0,11.777777777777779
RB,15,176.0,kenneth walker iii0,11.733333333333333
RB,17,199.0,dalvin cook0,11.705882352941176
WR,3,35.0,michael thomas0,11.666666666666666
RB,17,197.0,miles sanders0,11.588235294117647
QB,13,150.0,kenny pickett0,11.538461538461538
WR,17,195.0,ceedee lamb0,11.470588235294118
RB,15,169.0,ezekiel elliott0,11.266666666666667
RB,17,190.0,aaron jones0,11.176470588235293
QB,9,98.0,zach wilson0,10.88888888888889
WR,17,184.0,jaylen waddle0,10.823529411764707
RB,11,118.0,jonathan taylor0,10.727272727272727
RB,17,182.0,najee harris0,10.705882352941176
RB,17,180.0,rhamondre stevenson0,10.588235294117647
QB,7,74.0,mitchell trubisky0,10.571428571428571
QB,16,169.0,jacoby brissett0,10.5625
QB,2,21.0,joshua dobbs0,10.5
RB,13,136.0,dameon pierce0,10.461538461538462
RB,15,155.0,alvin kamara0,10.333333333333334
RB,13,134.0,cordarrelle patterson0,10.307692307692308
RB,14,143.0,d'andre swift0,10.214285714285714
WR,16,162.0,amon-ra st. brown0,10.125
QB,12,121.0,baker mayfield0,10.083333333333334
RB,17,170.0,travis etienne0,10.0
WR,17,168.0,amari cooper0,9.882352941176471
WR,15,148.0,mike evans0,9.866666666666667
WR,10,98.0,keenan allen0,9.8
WR,9,88.0,deandre hopkins0,9.777777777777779
RB,13,127.0,latavius murray0,9.76923076923077
QB,4,39.0,desmond ridder0,9.75
QB,4,39.0,bailey zappe0,9.75
RB,5,48.0,rashaad penny0,9.6
QB,5,48.0,joe flacco0,9.6
WR,16,153.0,tyler lockett0,9.5625
RB,16,153.0,leonard fournette0,9.5625
QB,2,19.0,david blough0,9.5
WR,17,160.0,devonta smith0,9.411764705882353
TE,15,141.0,george kittle0,9.4
WR,17,158.0,christian kirk0,9.294117647058824
RB,8,74.0,j.k. dobbins0,9.25
WR,16,147.0,tee higgins0,9.1875
WR,15,137.0,jerry jeudy0,9.133333333333333
QB,4,36.0,sam ehlinger0,9.0
RB,16,144.0,david montgomery0,9.0
WR,17,152.0,terry mclaurin0,8.941176470588236
RB,16,143.0,tyler allgeier0,8.9375
WR,17,150.0,brandon aiyuk0,8.823529411764707
WR,14,123.0,christian watson0,8.785714285714286
WR,13,114.0,mike williams0,8.76923076923077
RB,16,140.0,devin singletary0,8.75
RB,12,104.0,brian robinson jr.0,8.666666666666666
WR,8,69.0,mecole hardman0,8.625
WR,13,112.0,deebo samuel0,8.615384615384615
QB,5,43.0,jarrett stidham0,8.6
TE,16,137.0,taysom hill0,8.5625
RB,16,137.0,raheem mostert0,8.5625
RB,16,137.0,jeff wilson0,8.5625
RB,15,128.0,cam akers0,8.533333333333333
WR,15,126.0,chris olave0,8.4
RB,13,109.0,khalil herbert0,8.384615384615385
QB,6,50.0,tyler huntley0,8.333333333333334
WR,15,124.0,gabriel davis0,8.266666666666667
QB,4,33.0,colt mccoy0,8.25
RB,17,140.0,aj dillon0,8.235294117647058
RB,17,140.0,jerick mckinnon0,8.235294117647058
RB,5,41.0,elijah mitchell0,8.2
RB,10,81.0,clyde edwards-helaire0,8.1
WR,14,113.0,jakobi meyers0,8.071428571428571
WR,17,137.0,d.k. metcalf0,8.058823529411764
RB,1,8.0,tyler badie0,8.0
WR,12,96.0,jahan dotson0,8.0
RB,15,120.0,antonio gibson0,8.0
WR,17,136.0,d.j. moore0,8.0
QB,2,16.0,kyle allen0,8.0
WR,15,119.0,chris godwin0,7.933333333333334
TE,15,118.0,mark andrews0,7.866666666666666
WR,17,133.0,garrett wilson0,7.823529411764706
WR,15,115.0,allen lazard0,7.666666666666667
QB,5,38.0,teddy bridgewater0,7.6
TE,17,129.0,t.j. hockenson0,7.588235294117647
WR,12,89.0,marquise brown0,7.416666666666667
RB,17,126.0,d'onta foreman0,7.411764705882353
QB,5,37.0,gardner minshew ii0,7.4
WR,16,118.0,michael pittman jr.0,7.375
WR,16,116.0,zay jones0,7.25
RB,12,87.0,kenyan drake0,7.25
RB,17,122.0,isiah pacheco0,7.176470588235294
TE,12,86.0,dallas goedert0,7.166666666666667
RB,11,78.0,james robinson0,7.090909090909091
WR,3,21.0,sterling shepard0,7.0
WR,1,7.0,ty montgomery0,7.0
TE,10,69.0,zach ertz0,6.9
WR,13,89.0,brandin cooks0,6.846153846153846
WR,16,109.0,tyler boyd0,6.8125
WR,17,115.0,george pickens0,6.764705882352941
RB,11,74.0,damien harris0,6.7272727272727275
WR,16,107.0,juju smith-schuster0,6.6875
WR,17,112.0,curtis samuel0,6.588235294117647
RB,7,46.0,zonovan knight0,6.571428571428571
RB,9,59.0,gus edwards0,6.555555555555555
WR,6,39.0,rashod bateman0,6.5
RB,16,104.0,samaje perine0,6.5
QB,6,39.0,p.j. walker0,6.5
RB,4,26.0,javonte williams0,6.5
WR,17,110.0,adam thielen0,6.470588235294118
QB,9,57.0,cooper rush0,6.333333333333333
TE,9,57.0,darren waller0,6.333333333333333
WR,15,95.0,courtland sutton0,6.333333333333333
WR,10,63.0,isaiah hodgins0,6.3
WR,17,107.0,drake london0,6.294117647058823
WR,17,106.0,donovan peoples-jones0,6.235294117647059
RB,10,62.0,melvin gordon0,6.2
WR,11,68.0,dj chark0,6.181818181818182
TE,17,104.0,evan engram0,6.117647058823529
WR,12,73.0,rashid shaheed0,6.083333333333333
WR,16,97.0,josh palmer0,6.0625
WR,10,60.0,nico collins0,6.0
TE,14,84.0,david njoku0,6.0
QB,2,12.0,trey lance0,6.0
WR,8,47.0,rondale moore0,5.875
TE,15,88.0,dawson knox0,5.866666666666666
TE,16,93.0,juwan johnson0,5.8125
TE,15,86.0,dalton schultz0,5.733333333333333
TE,17,97.0,cole kmet0,5.705882352941177
WR,17,97.0,mack hollins0,5.705882352941177
RB,10,57.0,darrell henderson0,5.7
WR,17,96.0,k.j. osborn0,5.647058823529412
WR,14,79.0,devin duvernay0,5.642857142857143
WR,13,73.0,russell gage0,5.615384615384615
WR,17,95.0,diontae johnson0,5.588235294117647
WR,11,61.0,treylon burks0,5.545454545454546
WR,13,72.0,devante parker0,5.538461538461538
RB,17,92.0,kareem hunt0,5.411764705882353
WR,9,48.0,trenton irwin0,5.333333333333333
TE,15,80.0,jordan akins0,5.333333333333333
TE,16,85.0,pat freiermuth0,5.3125
RB,16,85.0,michael carter0,5.3125
RB,16,85.0,james cook0,5.3125
TE,10,53.0,greg dulcich0,5.3
RB,17,89.0,rachaad white0,5.235294117647059
WR,10,52.0,allen robinson0,5.2
WR,15,78.0,isaiah mckenzie0,5.2
WR,12,62.0,darnell mooney0,5.166666666666667
TE,16,82.0,gerald everett0,5.125
WR,16,82.0,darius slayton0,5.125
WR,13,66.0,corey davis0,5.076923076923077
WR,17,86.0,parris campbell0,5.0588235294117645
WR,11,55.0,van jefferson0,5.0
QB,3,15.0,john wolford0,5.0
QB,2,10.0,trevor siemian0,5.0
QB,1,5.0,blaine gabbert0,5.0
RB,15,74.0,chuba hubbard0,4.933333333333334
WR,13,63.0,marquise goodwin0,4.846153846153846
WR,6,29.0,wan'dale robinson0,4.833333333333333
TE,10,48.0,kyle pitts0,4.8
WR,14,66.0,michael gallup0,4.714285714285714
WR,14,66.0,josh reynolds0,4.714285714285714
WR,17,80.0,marquez valdes-scantling0,4.705882352941177
TE,17,80.0,tyler higbee0,4.705882352941177
RB,12,56.0,dontrell hilliard0,4.666666666666667
WR,13,60.0,romeo doubs0,4.615384615384615
WR,10,46.0,julio jones0,4.6
WR,9,41.0,kadarius toney0,4.555555555555555
WR,16,72.0,noah brown0,4.5
QB,2,9.0,chris streveler0,4.5
QB,4,18.0,brett rypien0,4.5
WR,17,76.0,richie james0,4.470588235294118
RB,13,58.0,chase edmonds0,4.461538461538462
WR,16,71.0,alec pierce0,4.4375
WR,16,71.0,marvin jones0,4.4375
TE,17,74.0,tyler conklin0,4.352941176470588
RB,15,65.0,eno benjamin0,4.333333333333333
WR,10,43.0,hunter renfrow0,4.3
RB,17,73.0,alexander mattison0,4.294117647058823
TE,17,73.0,noah fant0,4.294117647058823
WR,16,67.0,chris moore0,4.1875
RB,13,54.0,zack moss0,4.153846153846154
WR,17,70.0,olamide zaccheaus0,4.117647058823529
TE,13,53.0,hayden hurst0,4.076923076923077
RB,16,65.0,jaylen warren0,4.0625
WR,17,69.0,kalif raymond0,4.0588235294117645
WR,3,12.0,t.y. hilton0,4.0
RB,1,4.0,anthony mcfarland jr.0,4.0
WR,15,59.0,chase claypool0,3.933333333333333
WR,14,55.0,terrace marshall jr.0,3.9285714285714284
RB,13,51.0,joshua kelley0,3.923076923076923
WR,9,35.0,jarvis landry0,3.888888888888889
WR,17,66.0,deandre carter0,3.8823529411764706
TE,17,66.0,mike gesicki0,3.8823529411764706
RB,17,65.0,kenneth gainwell0,3.823529411764706
TE,17,65.0,chigoziem okonkwo0,3.823529411764706
WR,16,61.0,greg dortch0,3.8125
RB,5,19.0,tevin coleman0,3.8
TE,8,30.0,irv smith jr.0,3.75
TE,12,45.0,daniel bellinger0,3.75
RB,8,30.0,marlon mack0,3.75
TE,17,63.0,hunter henry0,3.7058823529411766
WR,17,63.0,robert woods0,3.7058823529411766
WR,13,48.0,randall cobb0,3.6923076923076925
QB,3,11.0,tyrod taylor0,3.6666666666666665
RB,8,29.0,j.d. mckissic0,3.625
RB,12,43.0,caleb huntley0,3.5833333333333335
WR,13,46.0,laviska shenault jr.0,3.5384615384615383
TE,15,53.0,will dissly0,3.533333333333333
TE,2,7.0,tyler mabry0,3.5
TE,17,59.0,robert tonyan0,3.4705882352941178
TE,15,52.0,foster moreau0,3.466666666666667
WR,13,45.0,tutu atwell0,3.4615384615384617
RB,16,55.0,deon jackson0,3.4375
TE,16,55.0,isaiah likely0,3.4375
WR,17,58.0,nick westbrook-ikhine0,3.411764705882353
RB,10,34.0,mark ingram0,3.4
WR,13,44.0,tyquan thornton0,3.3846153846153846
WR,3,10.0,john brown0,3.3333333333333335
WR,16,53.0,kendrick bourne0,3.3125
WR,17,56.0,demarcus robinson0,3.2941176470588234
TE,17,56.0,austin hooper0,3.2941176470588234
TE,15,49.0,jelani woods0,3.2666666666666666
RB,4,13.0,royce freeman0,3.25
WR,14,45.0,ben skowronek0,3.2142857142857144
TE,16,51.0,cade otton0,3.1875
RB,16,51.0,nyheim hines0,3.1875
WR,16,51.0,elijah moore0,3.1875
WR,17,54.0,trent sherfield0,3.176470588235294
TE,6,19.0,donald parham0,3.1666666666666665
WR,15,47.0,jamal agnew0,3.1333333333333333
WR,17,52.0,quez watkins0,3.0588235294117645
RB,3,9.0,phillip lindsay0,3.0
QB,5,15.0,bryce perkins0,3.0
WR,1,3.0,daylen baldwin0,3.0
TE,13,39.0,mycole pruitt0,3.0
QB,2,6.0,anthony brown0,3.0
QB,4,12.0,nick mullens0,3.0
WR,16,48.0,jauan jennings0,3.0
QB,4,12.0,jordan love0,3.0
RB,17,50.0,jamycal hasty0,2.9411764705882355
RB,6,17.0,darrel williams0,2.8333333333333335
WR,14,39.0,damiere byrd0,2.7857142857142856
WR,16,44.0,equanimeous st. brown0,2.75
WR,16,44.0,nelson agholor0,2.75
RB,15,41.0,boston scott0,2.7333333333333334
WR,7,19.0,kj hamler0,2.7142857142857144
TE,14,38.0,logan thomas0,2.7142857142857144
TE,17,46.0,brock wright0,2.7058823529411766
WR,17,46.0,dante pettis0,2.7058823529411766
RB,10,27.0,travis homer0,2.7
TE,3,8.0,blake bell0,2.6666666666666665
RB,3,8.0,jaret patterson0,2.6666666666666665
QB,3,8.0,nathan peterman0,2.6666666666666665
WR,12,32.0,kendall hinton0,2.6666666666666665
TE,17,44.0,colby parkinson0,2.588235294117647
WR,17,44.0,justin watson0,2.588235294117647
WR,17,44.0,ray-ray mccloud0,2.588235294117647
WR,12,31.0,sammy watkins0,2.5833333333333335
WR,7,18.0,n'keal harry0,2.5714285714285716
TE,7,18.0,lawrence cager0,2.5714285714285716
TE,9,23.0,teagan quitoriano0,2.5555555555555554
RB,13,33.0,raheem blackshear0,2.5384615384615383
WR,15,38.0,a.j. green0,2.533333333333333
TE,2,5.0,charlie kolar0,2.5
RB,2,5.0,spencer brown0,2.5
RB,6,15.0,ronald jones ii0,2.5
RB,16,40.0,rex burkhead0,2.5
TE,17,42.0,noah gray0,2.4705882352941178
RB,9,22.0,craig reynolds0,2.4444444444444446
RB,16,39.0,justin jackson0,2.4375
QB,7,17.0,skylar thompson0,2.4285714285714284
QB,8,19.0,malik willis0,2.375
WR,11,26.0,byron pringle0,2.3636363636363638
WR,17,40.0,braxton berrios0,2.3529411764705883
WR,17,40.0,shi smith0,2.3529411764705883
RB,17,40.0,matt breida0,2.3529411764705883
WR,6,14.0,jameson williams0,2.3333333333333335
TE,15,35.0,c.j. uzomah0,2.3333333333333335
WR,12,28.0,ashton dulin0,2.3333333333333335
RB,12,28.0,malik davis0,2.3333333333333335
TE,13,30.0,kylen granson0,2.3076923076923075
TE,13,30.0,shane zylstra0,2.3076923076923075
QB,7,16.0,jeff driskel0,2.2857142857142856
WR,15,34.0,tre'quan smith0,2.2666666666666666
WR,12,27.0,velus jones jr.0,2.25
RB,4,9.0,jordan wilkins0,2.25
RB,9,20.0,mike boone0,2.2222222222222223
RB,5,11.0,kevin harris0,2.2
RB,10,22.0,kyren williams0,2.2
FB,16,35.0,kyle juszczyk0,2.1875
WR,7,15.0,desean jackson0,2.142857142857143
WR,15,32.0,phillip dorsett0,2.1333333333333333
TE,13,27.0,o.j. howard0,2.076923076923077
TE,16,33.0,trey mcbride0,2.0625
TE,17,35.0,mo alie-cox0,2.0588235294117645
RB,1,2.0,j.j. taylor0,2.0
TE,8,16.0,albert okwuegbunam0,2.0
WR,1,2.0,dezmon patmon0,2.0
QB,4,8.0,chase daniel0,2.0
RB,15,30.0,justice hill0,2.0
WR,11,22.0,river cracraft0,2.0
WR,7,14.0,tom kennedy0,2.0
RB,16,32.0,jordan mason0,2.0
WR,16,32.0,robbie chosen0,2.0
WR,3,6.0,jalen guyton0,2.0
TE,17,33.0,tommy tremble0,1.9411764705882353
RB,15,29.0,deejay dallas0,1.9333333333333333
WR,10,19.0,denzel mims0,1.9
RB,9,17.0,corey clement0,1.8888888888888888
WR,15,28.0,dyami brown0,1.8666666666666667
TE,17,31.0,harrison bryant0,1.8235294117647058
RB,17,31.0,ty johnson0,1.8235294117647058
TE,16,29.0,jake ferguson0,1.8125
TE,15,27.0,adam trautman0,1.8
TE,14,25.0,jonnu smith0,1.7857142857142858
WR,4,7.0,freddie swain0,1.75
WR,14,24.0,khalil shakir0,1.7142857142857142
RB,17,29.0,ameer abdullah0,1.7058823529411764
TE,17,29.0,peyton hendershot0,1.7058823529411764
RB,17,29.0,dare ogunbowale0,1.7058823529411764
RB,6,10.0,tyrion davis-price0,1.6666666666666667
RB,6,10.0,darrynton evans0,1.6666666666666667
WR,17,28.0,khadarel hodge0,1.6470588235294117
RB,11,18.0,malcolm brown0,1.6363636363636365
TE,13,21.0,jody fortson0,1.6153846153846154
RB,10,16.0,sony michel0,1.6
WR,15,24.0,jalen nailor0,1.6
TE,17,27.0,josh oliver0,1.588235294117647
WR,14,22.0,marquez callaway0,1.5714285714285714
TE,16,25.0,durham smythe0,1.5625
TE,11,17.0,cameron brate0,1.5454545454545454
QB,6,9.0,trace mcsorley0,1.5
WR,4,6.0,jamison crowder0,1.5
RB,13,19.0,jonathan williams0,1.4615384615384615
WR,16,23.0,amari rodgers0,1.4375
WR,14,20.0,keelan cole0,1.4285714285714286
TE,12,17.0,ross dwelley0,1.4166666666666667
WR,12,17.0,steven sims0,1.4166666666666667
RB,17,24.0,gary brightwell0,1.411764705882353
WR,17,24.0,brandon powell0,1.411764705882353
TE,17,24.0,connor heyward0,1.411764705882353
WR,11,15.0,anthony schwartz0,1.3636363636363635
FB,17,23.0,alec ingold0,1.3529411764705883
WR,9,12.0,jalen virgil0,1.3333333333333333
RB,15,20.0,pierre strong0,1.3333333333333333
WR,16,21.0,david bell0,1.3125
WR,16,21.0,skyy moore0,1.3125
WR,11,14.0,breshad perriman0,1.2727272727272727
WR,11,14.0,samori toure0,1.2727272727272727
WR,15,19.0,scott miller0,1.2666666666666666
RB,8,10.0,snoop conner0,1.25
RB,4,5.0,myles gaskin0,1.25
TE,16,20.0,mitchell wilcox0,1.25
FB,17,21.0,c.j. ham0,1.2352941176470589
TE,17,21.0,marcedes lewis0,1.2352941176470589
WR,17,21.0,zach pascal0,1.2352941176470589
TE,17,21.0,eric saubert0,1.2352941176470589
RB,17,21.0,avery williams0,1.2352941176470589
WR,9,11.0,david sills0,1.2222222222222223
TE,14,17.0,james mitchell0,1.2142857142857142
WR,5,6.0,deven thompkins0,1.2
WR,11,13.0,jeff smith0,1.1818181818181819
TE,11,13.0,tanner hudson0,1.1818181818181819
TE,11,13.0,brevin jordan0,1.1818181818181819
TE,17,20.0,eric tomlinson0,1.1764705882352942
TE,17,20.0,johnny mundt0,1.1764705882352942
TE,17,20.0,ian thomas0,1.1764705882352942
RB,12,14.0,keaontay ingram0,1.1666666666666667
WR,12,14.0,kenny golladay0,1.1666666666666667
WR,7,8.0,brandon johnson0,1.1428571428571428
RB,16,18.0,brandon bolden0,1.125
WR,17,19.0,jalen reagor0,1.1176470588235294
RB,12,13.0,salvon ahmed0,1.0833333333333333
TE,16,17.0,john bates0,1.0625
RB,5,5.0,david johnson0,1.0
WR,4,4.0,kyle philips0,1.0
RB,17,17.0,benny snell jr.0,1.0
WR,6,6.0,jake kumerow0,1.0
TE,4,4.0,kendall blanton0,1.0
WR,4,4.0,cole beasley0,1.0
WR,7,7.0,kevin white0,1.0
TE,9,9.0,kyle rudolph0,1.0
RB,15,15.0,hassan haskins0,1.0
RB,1,1.0,ty'son williams0,1.0
WR,2,2.0,dennis houston0,1.0
QB,1,1.0,kyle trask0,1.0
RB,2,2.0,trey sermon0,1.0
QB,1,1.0,brandon allen0,1.0
QB,1,1.0,brian hoyer0,1.0
RB,1,1.0,reggie bonnafon0,1.0
WR,15,14.0,cedrick wilson jr.0,0.9333333333333333
FB,15,14.0,zander horvath0,0.9333333333333333
TE,11,10.0,anthony firkser0,0.9090909090909091
WR,10,9.0,michael bandy0,0.9
FB,17,15.0,derek watt0,0.8823529411764706
FB,15,13.0,reggie gilliam0,0.8666666666666667
TE,14,12.0,quintin morris0,0.8571428571428571
RB,6,5.0,tony jones0,0.8333333333333334
RB,6,5.0,julius chestnut0,0.8333333333333334
RB,6,5.0,isaiah spiller0,0.8333333333333334
RB,12,10.0,chris evans0,0.8333333333333334
TE,17,14.0,dan arnold0,0.8235294117647058
TE,17,14.0,ko kieft0,0.8235294117647058
TE,11,9.0,armani rogers0,0.8181818181818182
FB,16,13.0,chris myarick0,0.8125
WR,5,4.0,racey mcmath0,0.8
TE,14,11.0,brycen hopkins0,0.7857142857142857
TE,17,13.0,zach gentry0,0.7647058823529411
TE,4,3.0,ben ellefson0,0.75
RB,4,3.0,larry rountree0,0.75
TE,16,12.0,pharaoh brown0,0.75
RB,8,6.0,trayveon williams0,0.75
WR,14,10.0,marcus johnson0,0.7142857142857143
TE,17,12.0,jack stoll0,0.7058823529411765
TE,17,12.0,geoff swaim0,0.7058823529411765
WR,10,7.0,d'wayne eskridge0,0.7
WR,3,2.0,juwann winfree0,0.6666666666666666
RB,3,2.0,ty chandler0,0.6666666666666666
TE,9,6.0,nick vannett0,0.6666666666666666
QB,3,2.0,nick foles0,0.6666666666666666
WR,6,4.0,laquon treadwell0,0.6666666666666666
WR,3,2.0,cade johnson0,0.6666666666666666
FB,15,10.0,giovanni ricci0,0.6666666666666666
WR,15,10.0,dax milne0,0.6666666666666666
TE,17,11.0,josiah deguara0,0.6470588235294118
WR,8,5.0,andre baccellia0,0.625
RB,8,5.0,ronnie rivers0,0.625
WR,10,6.0,mike thomas0,0.6
RB,17,10.0,kene nwangwu0,0.5882352941176471
WR,9,5.0,chris conley0,0.5555555555555556
TE,11,6.0,tyler kroft0,0.5454545454545454
TE,13,7.0,andrew beck0,0.5384615384615384
TE,15,8.0,grant calcaterra0,0.5333333333333333
WR,17,9.0,cam sims0,0.5294117647058824
TE,17,9.0,parker hesse0,0.5294117647058824
FB,17,9.0,patrick ricard0,0.5294117647058824
WR,2,1.0,jalen camp0,0.5
RB,2,1.0,kylin hill0,0.5
QB,2,1.0,josh johnson0,0.5
WR,4,2.0,quintez cephus0,0.5
WR,2,1.0,nsimba webster0,0.5
RB,14,7.0,zamir white0,0.5
WR,6,3.0,tyrie cleveland0,0.5
RB,15,7.0,ke'shawn vaughn0,0.4666666666666667
WR,13,6.0,mike strachan0,0.46153846153846156
WR,11,5.0,cody hollister0,0.45454545454545453
WR,16,7.0,gunner olszewski0,0.4375
RB,12,5.0,dwayne washington0,0.4166666666666667
TE,17,7.0,tre' mckitty0,0.4117647058823529
WR,5,2.0,keith kirkwood0,0.4
WR,10,4.0,michael woods ii0,0.4
WR,5,2.0,simi fehoko0,0.4
WR,5,2.0,andy isabella0,0.4
WR,5,2.0,frank darby0,0.4
WR,5,2.0,pharoh cooper0,0.4
RB,8,3.0,jonathan ward0,0.375
WR,16,6.0,trent taylor0,0.375
RB,8,3.0,giovani bernard0,0.375
RB,14,5.0,patrick taylor0,0.35714285714285715
TE,14,5.0,trevon wesco0,0.35714285714285715
TE,14,5.0,stephen sullivan0,0.35714285714285715
TE,3,1.0,mason schreck0,0.3333333333333333
WR,9,3.0,dj turner0,0.3333333333333333
WR,9,3.0,tylan wallace0,0.3333333333333333
WR,6,2.0,lil'jordan humphrey0,0.3333333333333333
TE,7,2.0,stone smartt0,0.2857142857142857
WR,7,2.0,bryan edwards0,0.2857142857142857
WR,15,4.0,james proche0,0.26666666666666666
RB,8,2.0,mike davis0,0.25
RB,4,1.0,devine ozigbo0,0.25
WR,4,1.0,tyron johnson0,0.25
WR,4,1.0,c.j. board0,0.25
WR,4,1.0,maurice alexander0,0.25
TE,17,4.0,chris manhertz0,0.23529411764705882
TE,17,4.0,luke farrell0,0.23529411764705882
RB,17,4.0,trestan ebner0,0.23529411764705882
WR,9,2.0,penny hart0,0.2222222222222222
WR,14,3.0,jaelon darden0,0.21428571428571427
RB,5,1.0,godwin igwebuike0,0.2
TE,15,3.0,ryan griffin0,0.2
TE,5,1.0,tommy sweeney0,0.2
TE,10,2.0,cole turner0,0.2
TE,11,2.0,maxx williams0,0.18181818181818182
FB,11,2.0,adam prentice0,0.18181818181818182
WR,17,3.0,tim jones0,0.17647058823529413
TE,17,3.0,tyler davis0,0.17647058823529413
WR,6,1.0,austin trammell0,0.16666666666666666
WR,6,1.0,jason moore0,0.16666666666666666
WR,13,2.0,dareke young0,0.15384615384615385
WR,13,2.0,danny gray0,0.15384615384615385
TE,7,1.0,jacob harris0,0.14285714285714285
TE,15,2.0,jesper horsted0,0.13333333333333333
RB,15,2.0,d'ernest johnson0,0.13333333333333333
FB,8,1.0,jason cabinda0,0.125
FB,16,2.0,troy hairston0,0.125
WR,8,1.0,jalen tolbert0,0.125
FB,17,2.0,michael burton0,0.11764705882352941
TE,9,1.0,jeremy ruckert0,0.1111111111111111
TE,12,1.0,devin asiasi0,0.08333333333333333
TE,13,1.0,sean mckeon0,0.07692307692307693
RB,13,1.0,jerome ford0,0.07692307692307693
WR,15,1.0,montrell washington0,0.06666666666666667
WR,16,1.0,miles boykin0,0.0625
TE,16,1.0,stephen anderson0,0.0625
FB,17,1.0,jakob johnson0,0.058823529411764705
FB,17,1.0,keith smith0,0.058823529411764705
TE,10,0.0,nick muse0,0.0
TE,10,0.0,richard rodgers0,0.0
WR,3,0.0,andre roberts0,0.0
TE,14,0.0,kevin rader0,0.0
RB,1,0.0,d'vonte price0,0.0
WR,3,0.0,cornell powell0,0.0
TE,4,0.0,jared pinkney0,0.0
RB,3,0.0,qadree ollison0,0.0
TE,1,0.0,lucas krull0,0.0
WR,14,0.0,stanley morgan jr.0,0.0
WR,4,0.0,kirk merritt0,0.0
WR,2,0.0,kyric mcgowan0,0.0
WR,10,0.0,lance mccutcheon0,0.0
WR,2,0.0,tay martin0,0.0
TE,9,0.0,hunter long0,0.0
WR,1,0.0,kwamie lassiter ii0,0.0
WR,3,0.0,braylon sanders0,0.0
WR,2,0.0,mason kinsey0,0.0
WR,3,0.0,marcus kemp0,0.0
TE,2,0.0,drew sample0,0.0
WR,2,0.0,binjimen victor0,0.0
WR,17,0.0,matthew slater0,0.0
RB,2,0.0,antonio williams0,0.0
QB,2,0.0,case keenum0,0.0
WR,2,0.0,brandon zylstra0,0.0
TE,10,0.0,kenny yeboah0,0.0
QB,1,0.0,logan woodside0,0.0
TE,17,0.0,charlie woerner0,0.0
WR,1,0.0,javon wims0,0.0
WR,1,0.0,preston williams0,0.0
RB,1,0.0,damien williams0,0.0
WR,1,0.0,cody white0,0.0
WR,4,0.0,willie snead0,0.0
WR,12,0.0,raleigh webb0,0.0
WR,1,0.0,scotty washington0,0.0
WR,2,0.0,james washington0,0.0
WR,3,0.0,malik turner0,0.0
FB,4,0.0,jake tonges0,0.0
TE,2,0.0,noah togiai0,0.0
QB,2,0.0,nate sudfeld0,0.0
TE,3,0.0,matt sokol0,0.0
RB,1,0.0,john kelly0,0.0
FB,9,0.0,tory carter0,0.0
TE,7,0.0,nikola kalinic0,0.0
TE,12,0.0,nick boyle0,0.0
WR,17,0.0,britain covey0,0.0
WR,2,0.0,tyler johnson0,0.0
TE,13,0.0,tanner conner0,0.0
WR,2,0.0,dan chisena0,0.0
TE,1,0.0,roger carter0,0.0
TE,1,0.0,cethan carter0,0.0
RB,2,0.0,trenton cannon0,0.0
RB,6,0.0,brittain brown0,0.0
WR,1,0.0,lynn bowden jr.0,0.0
QB,1,0.0,jacob eason0,0.0
FB,16,0.0,khari blasingame0,0.0
WR,4,0.0,stanley berryhill0,0.0
WR,2,0.0,jared bernhardt0,0.0
WR,1,0.0,trinity benson0,0.0
FB,16,0.0,nick bellore0,0.0
RB,2,0.0,alex armah0,0.0
TE,1,0.0,chase allen0,0.0
WR,2,0.0,josh ali0,0.0
RB,5,0.0,rico dowdle0,0.0
WR,8,0.0,keke coutee0,0.0
WR,2,0.0,alex erickson0,0.0
TE,1,0.0,garrett griffin0,0.0
WR,1,0.0,johnny johnson0,0.0
RB,1,0.0,duke johnson0,0.0
TE,2,0.0,jesse james0,0.0
TE,5,0.0,tyree jackson0,0.0
RB,2,0.0,jordan howard0,0.0
WR,1,0.0,erik ezukanma0,0.0
TE,5,0.0,jacob hollister0,0.0
WR,3,0.0,rashard higgins0,0.0
TE,6,0.0,j.p. holtz0,0.0
WR,2,0.0,josh gordon0,0.0
TE,4,0.0,miller forristall0,0.0
WR,3,0.0,tanner gentry0,0.0
WR,1,0.0,ethan fernea0,0.0
WR,1,0.0,dez fitzpatrick0,0.0
RB,8,0.0,demetric felton0,0.0
TE,11,0.0,feleipe franks0,0.0
RB,6,0.0,jake funk0,0.0
WR,3,0.0,kaylon geiger0,0.0
WR,17,-1.0,kavontae turpin0,-0.058823529411764705
WR,8,-1.0,ihmir smith-marsette0,-0.125
RB,16,-2.0,taiwan jones0,-0.125
QB,4,-1.0,c.j. beathard0,-0.25
WR,4,-1.0,deonte harty0,-0.25
QB,3,-1.0,chad henne0,-0.3333333333333333
WR,3,-2.0,chester rogers0,-0.6666666666666666
QB,1,-3.0,tim boyle0,-3.0
