Player,Team,Position,Games,PassingCompletions,RushingAttempts,RushingAttempts,ReceivingYards,ReceivingYards,ReceivingYards,ReceivingTD,ReceivingTD,ReceivingTD,ReceivingTD,PassingInt,RushingAttempts,RushingAttempts,ReceivingYards,ReceivingYards,ReceivingYards,ReceivingTD,ReceivingTD,ReceivingTD,ReceivingTD,ReceivingTargets,Receptions,ReceivingYards,ReceivingYards,ReceivingYards,ReceivingTD,ReceivingTD,ReceivingTD,ReceivingTD,FantasyPoints,PlayerID
Christian McCaffrey*+,SFO,RB,16,0,0,272,0,1459,564,0,14,7,21,0,0,272,0,1459,564,0,14,7,21,83,67,0,1459,564,0,14,7,21,324.0,christian mccaffrey0
CeeDee Lamb*+,DAL,WR,17,0,0,14,0,113,1749,0,2,12,14,0,0,14,0,113,1749,0,2,12,14,181,135,0,113,1749,0,2,12,14,268.0,ceedee lamb0
Josh Allen,BUF,QB,17,385,579,111,4306,524,0,29,15,0,15,18,579,111,4306,524,0,29,15,0,15,0,0,4306,524,0,29,15,0,15,393.0,josh allen0
Tyreek Hill*+,MIA,WR,16,0,0,6,0,15,1799,0,0,13,13,0,0,6,0,15,1799,0,0,13,13,171,119,0,15,1799,0,0,13,13,257.0,tyreek hill0
Jalen Hurts*,PHI,QB,17,352,538,157,3858,605,0,23,15,0,15,15,538,157,3858,605,0,23,15,0,15,0,0,3858,605,0,23,15,0,15,357.0,jalen hurts0
Raheem Mostert*,MIA,RB,15,0,0,209,0,1012,175,0,18,3,21,0,0,209,0,1012,175,0,18,3,21,32,25,0,1012,175,0,18,3,21,243.0,raheem mostert0
Amon-Ra St. Brown*+,DET,WR,16,0,0,4,0,24,1515,0,0,10,10,0,0,4,0,24,1515,0,0,10,10,164,119,0,24,1515,0,0,10,10,212.0,amon-ra st. brown0
Dak Prescott*,DAL,QB,17,410,590,55,4516,242,0,36,2,0,2,9,590,55,4516,242,0,36,2,0,2,0,0,4516,242,0,36,2,0,2,343.0,dak prescott0
Mike Evans*,TAM,WR,17,0,0,0,0,0,1255,0,0,13,13,0,0,0,0,0,1255,0,0,13,13,136,79,0,0,1255,0,0,13,13,204.0,mike evans0
Lamar Jackson*+,BAL,QB,16,307,457,148,3678,821,0,24,5,0,5,7,457,148,3678,821,0,24,5,0,5,0,0,3678,821,0,24,5,0,5,331.0,lamar jackson0
Sam LaPorta*,DET,TE,17,0,0,1,0,4,889,0,0,10,10,0,0,1,0,4,889,0,0,10,10,120,86,0,4,889,0,0,10,10,153.0,sam laporta0
Travis Etienne,JAX,RB,17,0,0,267,0,1008,476,0,11,1,12,0,0,267,0,1008,476,0,11,1,12,73,58,0,1008,476,0,11,1,12,224.0,travis etienne0
Kyren Williams*,LAR,RB,12,0,0,228,0,1144,206,0,12,3,15,0,0,228,0,1144,206,0,12,3,15,48,32,0,1144,206,0,12,3,15,223.0,kyren williams0
Puka Nacua*,LAR,WR,17,0,0,12,0,89,1486,0,0,6,6,0,0,12,0,89,1486,0,0,6,6,160,105,0,89,1486,0,0,6,6,194.0,puka nacua0
D.J. Moore,CHI,WR,17,0,0,4,0,21,1364,0,1,8,9,0,0,4,0,21,1364,0,1,8,9,136,96,0,21,1364,0,1,8,9,191.0,d.j. moore0
Derrick Henry*,TEN,RB,17,2,3,280,14,1167,214,2,12,0,12,0,3,280,14,1167,214,2,12,0,12,36,28,14,1167,214,2,12,0,12,219.0,derrick henry0
Joe Mixon,CIN,RB,17,0,0,257,0,1034,376,0,9,3,12,0,0,257,0,1034,376,0,9,3,12,64,52,0,1034,376,0,9,3,12,215.0,joe mixon0
Jordan Love,GNB,QB,17,372,579,50,4159,247,0,32,4,0,4,11,579,50,4159,247,0,32,4,0,4,0,0,4159,247,0,32,4,0,4,319.0,jordan love0
Breece Hall,NYJ,RB,17,0,0,223,0,994,591,0,5,4,9,0,0,223,0,994,591,0,5,4,9,95,76,0,994,591,0,5,4,9,215.0,breece hall0
A.J. Brown*,PHI,WR,17,0,0,0,0,0,1456,0,0,7,7,0,0,0,0,0,1456,0,0,7,7,158,106,0,0,1456,0,0,7,7,184.0,a.j. brown0
Deebo Samuel,SFO,WR,15,0,1,37,0,225,892,0,5,7,12,0,1,37,0,225,892,0,5,7,12,89,60,0,225,892,0,5,7,12,184.0,deebo samuel0
George Kittle*+,SFO,TE,16,0,0,1,0,2,1020,0,0,6,6,0,0,1,0,2,1020,0,0,6,6,90,65,0,2,1020,0,0,6,6,138.0,george kittle0
Nico Collins,HOU,WR,15,0,0,1,0,7,1297,0,0,8,8,0,0,1,0,7,1297,0,0,8,8,109,80,0,7,1297,0,0,8,8,180.0,nico collins0
Rachaad White,TAM,RB,17,0,0,272,0,990,549,0,6,3,9,0,0,272,0,990,549,0,6,3,9,70,64,0,990,549,0,6,3,9,204.0,rachaad white0
Brandon Aiyuk,SFO,WR,16,0,0,0,0,0,1342,0,0,7,7,0,0,0,0,0,1342,0,0,7,7,105,75,0,0,1342,0,0,7,7,174.0,brandon aiyuk0
Travis Kelce*,KAN,TE,15,0,0,0,0,0,984,0,0,5,5,0,0,0,0,0,984,0,0,5,5,121,93,0,0,984,0,0,5,5,126.0,travis kelce0
Keenan Allen*,LAC,WR,13,1,2,2,49,6,1243,1,0,7,7,0,2,2,49,6,1243,1,0,7,7,150,108,49,6,1243,1,0,7,7,171.0,keenan allen0
T.J. Hockenson,MIN,TE,15,0,0,0,0,0,960,0,0,5,5,0,0,0,0,0,960,0,0,5,5,127,95,0,0,960,0,0,5,5,124.0,t.j. hockenson0
Stefon Diggs*,BUF,WR,17,0,0,1,0,5,1183,0,0,8,8,0,0,1,0,5,1183,0,0,8,8,160,107,0,5,1183,0,0,8,8,167.0,stefon diggs0
David Njoku*,CLE,TE,16,0,0,0,0,0,882,0,0,6,6,0,0,0,0,0,882,0,0,6,6,123,81,0,0,882,0,0,6,6,120.0,david njoku0
Brock Purdy*,SFO,QB,16,308,444,39,4280,144,0,31,2,0,2,11,444,39,4280,144,0,31,2,0,2,0,0,4280,144,0,31,2,0,2,296.0,brock purdy0
David Montgomery,DET,RB,14,0,0,219,0,1015,117,0,13,0,13,0,0,219,0,1015,117,0,13,0,13,24,16,0,1015,117,0,13,0,13,191.0,david montgomery0
Ja'Marr Chase*,CIN,WR,16,1,1,3,-7,-6,1216,0,0,7,7,0,1,3,-7,-6,1216,0,0,7,7,145,100,-7,-6,1216,0,0,7,7,163.0,ja'marr chase0
Davante Adams,LVR,WR,17,0,0,0,0,0,1144,0,0,8,8,0,0,0,0,0,1144,0,0,8,8,175,103,0,0,1144,0,0,8,8,162.0,davante adams0
Jahmyr Gibbs*,DET,RB,15,0,0,182,0,945,316,0,10,1,11,0,0,182,0,945,316,0,10,1,11,71,52,0,945,316,0,10,1,11,190.0,jahmyr gibbs0
Evan Engram*,JAX,TE,17,0,0,0,0,0,963,0,0,4,4,0,0,0,0,0,963,0,0,4,4,143,114,0,0,963,0,0,4,4,116.0,evan engram0
James Cook*,BUF,RB,17,0,0,237,0,1122,445,0,2,4,6,0,0,237,0,1122,445,0,2,4,6,54,44,0,1122,445,0,2,4,6,189.0,james cook0
Bijan Robinson,ATL,RB,17,0,0,214,0,976,487,0,4,4,8,0,0,214,0,976,487,0,4,4,8,86,58,0,976,487,0,4,4,8,188.0,bijan robinson0
D.K. Metcalf*,SEA,WR,16,0,0,0,0,0,1114,0,0,8,8,0,0,0,0,0,1114,0,0,8,8,119,66,0,0,1114,0,0,8,8,159.0,d.k. metcalf0
Jared Goff,DET,QB,17,407,605,32,4575,21,0,30,2,0,2,12,605,32,4575,21,0,30,2,0,2,0,0,4575,21,0,30,2,0,2,289.0,jared goff0
Taysom Hill,NOR,TE,16,6,11,81,83,401,291,1,4,2,6,0,11,81,83,401,291,1,4,2,6,40,33,83,401,291,1,4,2,6,111.0,taysom hill0
Amari Cooper*,CLE,WR,15,0,0,0,0,0,1250,0,0,5,5,0,0,0,0,0,1250,0,0,5,5,128,72,0,0,1250,0,0,5,5,155.0,amari cooper0
Saquon Barkley,NYG,RB,14,0,0,247,0,962,280,0,6,4,10,0,0,247,0,962,280,0,6,4,10,60,41,0,962,280,0,6,4,10,182.0,saquon barkley0
Calvin Ridley,JAX,WR,17,0,0,9,0,23,1016,0,0,8,8,0,0,9,0,23,1016,0,0,8,8,136,76,0,23,1016,0,0,8,8,154.0,calvin ridley0
Jayden Reed,GNB,WR,16,0,0,11,0,119,793,0,2,8,10,0,0,11,0,119,793,0,2,8,10,94,64,0,119,793,0,2,8,10,153.0,jayden reed0
Cole Kmet,CHI,TE,17,0,0,3,0,2,719,0,0,6,6,0,0,3,0,2,719,0,0,6,6,90,73,0,2,719,0,0,6,6,108.0,cole kmet0
Jordan Addison,MIN,WR,17,0,0,1,0,2,911,0,0,10,10,0,0,1,0,2,911,0,0,10,10,108,70,0,2,911,0,0,10,10,151.0,jordan addison0
Jake Ferguson*,DAL,TE,17,0,0,0,0,0,761,0,0,5,5,0,0,0,0,0,761,0,0,5,5,102,71,0,0,761,0,0,5,5,106.0,jake ferguson0
DeAndre Hopkins,TEN,WR,17,0,1,2,0,9,1057,0,0,7,7,0,1,2,0,9,1057,0,0,7,7,137,75,0,9,1057,0,0,7,7,149.0,deandre hopkins0
Patrick Mahomes*,KAN,QB,16,401,597,75,4183,389,0,27,0,0,0,14,597,75,4183,389,0,27,0,0,0,0,0,4183,389,0,27,0,0,0,280.0,patrick mahomes0
Jakobi Meyers,LVR,WR,16,2,3,4,12,24,807,1,2,8,10,0,3,4,12,24,807,1,2,8,10,106,71,12,24,807,1,2,8,10,148.0,jakobi meyers0
James Conner,ARI,RB,13,0,0,208,0,1040,165,0,7,2,9,0,0,208,0,1040,165,0,7,2,9,33,27,0,1040,165,0,7,2,9,175.0,james conner0
Gus Edwards,BAL,RB,17,0,0,198,0,810,180,0,13,0,13,0,0,198,0,810,180,0,13,0,13,13,12,0,810,180,0,13,0,13,175.0,gus edwards0
DeVonta Smith,PHI,WR,16,0,0,0,0,0,1066,0,0,7,7,0,0,0,0,0,1066,0,0,7,7,112,81,0,0,1066,0,0,7,7,147.0,devonta smith0
George Pickens,PIT,WR,17,0,0,3,0,18,1140,0,0,5,5,0,0,3,0,18,1140,0,0,5,5,106,63,0,18,1140,0,0,5,5,146.0,george pickens0
Trey McBride,ARI,TE,17,0,0,0,0,0,825,0,0,3,3,0,0,0,0,0,825,0,0,3,3,106,81,0,0,825,0,0,3,3,101.0,trey mcbride0
Chris Olave,NOR,WR,16,0,0,0,0,0,1123,0,0,5,5,0,0,0,0,0,1123,0,0,5,5,138,87,0,0,1123,0,0,5,5,144.0,chris olave0
C.J. Stroud*,HOU,QB,15,319,499,39,4108,167,0,23,3,0,3,5,499,39,4108,167,0,23,3,0,3,1,1,4108,167,0,23,3,0,3,275.0,c.j. stroud0
Kenneth Walker III,SEA,RB,15,0,0,219,0,905,259,0,8,1,9,0,0,219,0,905,259,0,8,1,9,37,29,0,905,259,0,8,1,9,170.0,kenneth walker iii0
Baker Mayfield*,TAM,QB,17,364,566,62,4044,163,0,28,1,0,1,10,566,62,4044,163,0,28,1,0,1,0,0,4044,163,0,28,1,0,1,274.0,baker mayfield0
Isiah Pacheco,KAN,RB,14,0,0,205,0,935,244,0,7,2,9,0,0,205,0,935,244,0,7,2,9,49,44,0,935,244,0,7,2,9,170.0,isiah pacheco0
Michael Pittman Jr.,IND,WR,16,0,0,0,0,0,1152,0,0,4,4,0,0,0,0,0,1152,0,0,4,4,156,109,0,0,1152,0,0,4,4,141.0,michael pittman jr.0
Tony Pollard,DAL,RB,17,0,0,252,0,1005,311,0,6,0,6,0,0,252,0,1005,311,0,6,0,6,67,55,0,1005,311,0,6,0,6,168.0,tony pollard0
Jerome Ford,CLE,RB,17,0,0,204,0,813,319,0,4,5,9,0,0,204,0,813,319,0,4,5,9,63,44,0,813,319,0,4,5,9,167.0,jerome ford0
Najee Harris,PIT,RB,17,0,0,255,0,1035,170,0,8,0,8,0,0,255,0,1035,170,0,8,0,8,38,29,0,1035,170,0,8,0,8,167.0,najee harris0
Tua Tagovailoa*,MIA,QB,17,388,560,35,4624,74,0,29,0,0,0,14,560,35,4624,74,0,29,0,0,0,0,0,4624,74,0,29,0,0,0,270.0,tua tagovailoa0
Dalton Schultz,HOU,TE,15,0,0,0,0,0,635,0,0,5,5,0,0,0,0,0,635,0,0,5,5,88,59,0,0,635,0,0,5,5,92.0,dalton schultz0
Mark Andrews,BAL,TE,10,0,0,1,0,0,544,0,0,6,6,0,0,1,0,0,544,0,0,6,6,61,45,0,0,544,0,0,6,6,90.0,mark andrews0
De'Von Achane,MIA,RB,11,0,0,103,0,800,197,0,8,3,11,0,0,103,0,800,197,0,8,3,11,37,27,0,800,197,0,8,3,11,164.0,de'von achane0
Justin Jefferson,MIN,WR,10,0,1,1,0,-12,1074,0,0,5,5,0,1,1,0,-12,1074,0,0,5,5,100,68,0,-12,1074,0,0,5,5,134.0,justin jefferson0
Brian Robinson Jr.,WAS,RB,15,0,0,178,0,733,368,0,5,4,9,0,0,178,0,733,368,0,5,4,9,43,36,0,733,368,0,5,4,9,162.0,brian robinson jr.0
Rashee Rice,KAN,WR,16,0,0,1,0,-3,938,0,0,7,7,0,0,1,0,-3,938,0,0,7,7,102,79,0,-3,938,0,0,7,7,134.0,rashee rice0
D'Andre Swift*,PHI,RB,16,0,0,229,0,1049,214,0,5,1,6,0,0,229,0,1049,214,0,5,1,6,49,39,0,1049,214,0,5,1,6,160.0,d'andre swift0
Courtland Sutton,DEN,WR,16,0,0,0,0,0,772,0,0,10,10,0,0,0,0,0,772,0,0,10,10,90,59,0,0,772,0,0,10,10,131.0,courtland sutton0
Terry McLaurin,WAS,WR,17,0,0,0,0,0,1002,0,0,4,5,0,0,0,0,0,1002,0,0,4,5,132,79,0,0,1002,0,0,4,5,130.0,terry mclaurin0
Trevor Lawrence,JAX,QB,16,370,564,70,4016,339,0,21,4,0,4,14,564,70,4016,339,0,21,4,0,4,0,0,4016,339,0,21,4,0,4,263.0,trevor lawrence0
Sam Howell,WAS,QB,17,388,612,48,3946,263,4,21,5,0,5,21,612,48,3946,263,4,21,5,0,5,1,1,3946,263,4,21,5,0,5,257.0,sam howell0
Russell Wilson,DEN,QB,15,297,447,80,3070,341,0,26,3,0,3,8,447,80,3070,341,0,26,3,0,3,0,0,3070,341,0,26,3,0,3,257.0,russell wilson0
Matthew Stafford*,LAR,QB,15,326,521,21,3965,65,0,24,0,0,0,11,521,21,3965,65,0,24,0,0,0,0,0,3965,65,0,24,0,0,0,243.0,matthew stafford0
Derek Carr,NOR,QB,17,375,548,32,3878,40,0,25,0,0,0,8,548,32,3878,40,0,25,0,0,0,0,0,3878,40,0,25,0,0,0,241.0,derek carr0
Justin Herbert,LAC,QB,13,297,456,52,3134,228,10,20,3,0,3,7,456,52,3134,228,10,20,3,0,3,1,1,3134,228,10,20,3,0,3,233.0,justin herbert0
Justin Fields,CHI,QB,13,227,370,124,2562,657,0,16,4,0,4,9,370,124,2562,657,0,16,4,0,4,0,0,2562,657,0,16,4,0,4,230.0,justin fields0
Geno Smith*,SEA,QB,15,323,499,37,3624,155,-2,20,1,0,1,9,499,37,3624,155,-2,20,1,0,1,1,1,3624,155,-2,20,1,0,1,226.0,geno smith0
Joshua Dobbs,2TM,QB,13,262,417,77,2464,421,0,13,6,0,6,10,417,77,2464,421,0,13,6,0,6,0,0,2464,421,0,13,6,0,6,201.0,joshua dobbs0
Gardner Minshew II*,IND,QB,17,305,490,34,3305,100,0,15,3,0,3,9,490,34,3305,100,0,15,3,0,3,0,0,3305,100,0,15,3,0,3,196.0,gardner minshew ii0
Desmond Ridder,ATL,QB,15,249,388,53,2836,193,-6,12,5,0,5,12,388,53,2836,193,-6,12,5,0,5,1,1,2836,193,-6,12,5,0,5,176.0,desmond ridder0
Alvin Kamara,NOR,RB,13,0,0,180,0,694,466,0,5,1,6,0,0,180,0,694,466,0,5,1,6,86,75,0,694,466,0,5,1,6,158.0,alvin kamara0
Bryce Young,CAR,QB,16,315,527,39,2877,253,0,11,0,0,0,10,527,39,2877,253,0,11,0,0,0,0,0,2877,253,0,11,0,0,0,156.0,bryce young0
Kirk Cousins,MIN,QB,8,216,311,14,2331,25,0,18,0,0,0,5,311,14,2331,25,0,18,0,0,0,0,0,2331,25,0,18,0,0,0,150.0,kirk cousins0
Joe Burrow,CIN,QB,10,244,365,31,2309,88,0,15,0,0,0,6,365,31,2309,88,0,15,0,0,0,0,0,2309,88,0,15,0,0,0,147.0,joe burrow0
Kyler Murray,ARI,QB,8,176,268,44,1799,244,0,10,3,0,3,5,268,44,1799,244,0,10,3,0,3,0,0,1799,244,0,10,3,0,3,146.0,kyler murray0
Chuba Hubbard,CAR,RB,17,0,0,238,0,902,233,0,5,0,5,0,0,238,0,902,233,0,5,0,5,44,39,0,902,233,0,5,0,5,144.0,chuba hubbard0
Josh Jacobs,LVR,RB,13,0,0,233,0,805,296,0,6,0,6,0,0,233,0,805,296,0,6,0,6,54,37,0,805,296,0,6,0,6,144.0,josh jacobs0
Jake Browning,CIN,QB,9,171,243,27,1936,127,-7,12,3,0,3,7,243,27,1936,127,-7,12,3,0,3,1,1,1936,127,-7,12,3,0,3,143.0,jake browning0
Zack Moss,IND,RB,14,0,0,183,0,794,192,0,5,2,7,0,0,183,0,794,192,0,5,2,7,37,27,0,794,192,0,5,2,7,143.0,zack moss0
Devin Singletary,HOU,RB,17,1,1,216,6,898,193,1,4,0,4,0,1,216,6,898,193,1,4,0,4,38,30,6,898,193,1,4,0,4,137.0,devin singletary0
Jonathan Taylor,IND,RB,10,0,0,169,0,741,153,0,7,1,8,0,0,169,0,741,153,0,7,1,8,23,19,0,741,153,0,7,1,8,137.0,jonathan taylor0
Jaylen Warren,PIT,RB,17,0,0,149,0,784,370,0,4,0,4,0,0,149,0,784,370,0,4,0,4,74,61,0,784,370,0,4,0,4,135.0,jaylen warren0
Austin Ekeler,LAC,RB,14,0,0,179,0,628,436,0,5,1,6,0,0,179,0,628,436,0,5,1,6,74,51,0,628,436,0,5,1,6,134.0,austin ekeler0
Javonte Williams,DEN,RB,16,0,0,217,0,774,228,0,3,2,5,0,0,217,0,774,228,0,3,2,5,58,47,0,774,228,0,3,2,5,132.0,javonte williams0
Zay Flowers,BAL,WR,16,0,0,8,0,56,858,0,1,5,6,0,0,8,0,56,858,0,1,5,6,108,77,0,56,858,0,1,5,6,129.0,zay flowers0
Adam Thielen,CAR,WR,17,0,0,1,0,6,1014,0,0,4,4,0,0,1,0,6,1014,0,0,4,4,137,103,0,6,1014,0,0,4,4,128.0,adam thielen0
Jaylen Waddle,MIA,WR,14,0,0,3,0,12,1014,0,0,4,4,0,0,3,0,12,1014,0,0,4,4,104,72,0,12,1014,0,0,4,4,127.0,jaylen waddle0
Chris Godwin,TAM,WR,17,0,1,4,0,38,1024,0,1,2,3,0,1,4,0,38,1024,0,1,2,3,130,83,0,38,1024,0,1,2,3,126.0,chris godwin0
Aidan O'Connell,LVR,QB,11,213,343,17,2218,11,0,12,1,0,1,7,343,17,2218,11,0,12,1,0,1,0,0,2218,11,0,12,1,0,1,126.0,aidan o'connell0
Ezekiel Elliott,NWE,RB,17,0,0,184,0,642,313,0,3,2,5,0,0,184,0,642,313,0,3,2,5,65,51,0,642,313,0,3,2,5,124.0,ezekiel elliott0
Tyler Lockett,SEA,WR,17,0,0,0,0,0,894,0,0,5,5,0,0,0,0,0,894,0,0,5,5,122,79,0,0,894,0,0,5,5,123.0,tyler lockett0
Tyler Allgeier,ATL,RB,17,0,0,186,0,683,193,0,4,1,5,0,0,186,0,683,193,0,4,1,5,23,18,0,683,193,0,4,1,5,120.0,tyler allgeier0
Zach Wilson,NYJ,QB,12,221,368,36,2271,211,0,8,0,0,0,7,368,36,2271,211,0,8,0,0,0,0,0,2271,211,0,8,0,0,0,120.0,zach wilson0
Brandin Cooks,DAL,WR,16,0,0,5,0,35,657,0,0,8,8,0,0,5,0,35,657,0,0,8,8,81,54,0,35,657,0,0,8,8,119.0,brandin cooks0
Tank Dell,HOU,WR,11,0,0,11,0,51,709,0,0,7,7,0,0,11,0,51,709,0,0,7,7,75,47,0,51,709,0,0,7,7,118.0,tank dell0
Garrett Wilson,NYJ,WR,17,0,1,4,0,0,1042,0,0,3,3,0,1,4,0,0,1042,0,0,3,3,168,95,0,0,1042,0,0,3,3,118.0,garrett wilson0
Gabriel Davis,BUF,WR,17,0,0,1,0,-2,746,0,0,7,7,0,0,1,0,-2,746,0,0,7,7,81,45,0,-2,746,0,0,7,7,116.0,gabriel davis0
Romeo Doubs,GNB,WR,17,0,0,0,0,0,674,0,0,8,8,0,0,0,0,0,674,0,0,8,8,96,59,0,0,674,0,0,8,8,115.0,romeo doubs0
Kenny Pickett,PIT,QB,12,201,324,42,2070,54,0,6,1,0,1,4,324,42,2070,54,0,6,1,0,1,0,0,2070,54,0,6,1,0,1,110.0,kenny pickett0
Rashid Shaheed*+,NOR,WR,15,0,0,7,0,37,719,0,0,5,6,0,0,7,0,37,719,0,0,5,6,75,46,0,37,719,0,0,5,6,110.0,rashid shaheed0
Rhamondre Stevenson,NWE,RB,12,0,0,156,0,619,238,0,4,0,4,0,0,156,0,619,238,0,4,0,4,51,38,0,619,238,0,4,0,4,108.0,rhamondre stevenson0
Mac Jones,NWE,QB,11,224,345,26,2120,96,0,10,0,0,0,12,345,26,2120,96,0,10,0,0,0,0,0,2120,96,0,10,0,0,0,106.0,mac jones0
Aaron Jones,GNB,RB,11,0,0,142,0,656,233,0,2,1,3,0,0,142,0,656,233,0,2,1,3,43,30,0,656,233,0,2,1,3,105.0,aaron jones0
Cooper Kupp,LAR,WR,12,0,0,1,0,-3,737,0,0,5,5,0,0,1,0,-3,737,0,0,5,5,95,59,0,-3,737,0,0,5,5,105.0,cooper kupp0
Drake London,ATL,WR,16,1,1,0,22,0,905,0,0,2,2,0,1,0,22,0,905,0,0,2,2,110,69,22,0,905,0,0,2,2,105.0,drake london0
Kareem Hunt,CLE,RB,15,0,0,135,0,411,84,0,9,0,9,0,0,135,0,411,84,0,9,0,9,21,15,0,411,84,0,9,0,9,104.0,kareem hunt0
Alexander Mattison,MIN,RB,16,0,0,180,0,700,192,0,0,3,3,0,0,180,0,700,192,0,0,3,3,44,30,0,700,192,0,0,3,3,103.0,alexander mattison0
Diontae Johnson,PIT,WR,13,0,0,0,0,0,717,0,0,5,5,0,0,0,0,0,717,0,0,5,5,87,51,0,0,717,0,0,5,5,102.0,diontae johnson0
Will Levis,TEN,QB,9,149,255,25,1808,57,0,8,1,0,1,4,255,25,1808,57,0,8,1,0,1,0,0,1808,57,0,8,1,0,1,102.0,will levis0
Tyjae Spears,TEN,RB,17,0,0,100,0,453,385,0,2,1,3,0,0,100,0,453,385,0,2,1,3,70,52,0,453,385,0,2,1,3,102.0,tyjae spears0
Joe Flacco,CLE,QB,5,123,204,9,1616,2,0,13,0,0,0,8,204,9,1616,2,0,13,0,0,0,0,0,1616,2,0,13,0,0,0,101.0,joe flacco0
Darius Slayton,NYG,WR,17,0,0,0,0,0,770,0,0,4,4,0,0,0,0,0,770,0,0,4,4,79,50,0,0,770,0,0,4,4,101.0,darius slayton0
AJ Dillon,GNB,RB,15,0,0,178,0,613,223,0,2,0,2,0,0,178,0,613,223,0,2,0,2,28,22,0,613,223,0,2,0,2,96.0,aj dillon0
Tee Higgins,CIN,WR,12,0,0,0,0,0,656,0,0,5,5,0,0,0,0,0,656,0,0,5,5,76,42,0,0,656,0,0,5,5,96.0,tee higgins0
Curtis Samuel,WAS,WR,16,0,0,7,0,39,613,0,1,4,5,0,0,7,0,39,613,0,1,4,5,91,62,0,39,613,0,1,4,5,95.0,curtis samuel0
Tommy DeVito,NYG,QB,9,114,178,36,1101,195,0,8,1,0,1,3,178,36,1101,195,0,8,1,0,1,0,0,1101,195,0,8,1,0,1,94.0,tommy devito0
Khalil Herbert,CHI,RB,12,0,0,132,0,611,134,0,2,1,3,0,0,132,0,611,134,0,2,1,3,31,20,0,611,134,0,2,1,3,93.0,khalil herbert0
Christian Kirk,JAX,WR,12,1,2,1,-1,6,787,0,0,3,3,0,2,1,-1,6,787,0,0,3,3,85,57,-1,6,787,0,0,3,3,93.0,christian kirk0
Josh Downs,IND,WR,17,0,0,0,0,0,771,0,0,2,2,0,0,0,0,0,771,0,0,2,2,98,68,0,0,771,0,0,2,2,89.0,josh downs0
Josh Reynolds,DET,WR,17,0,0,0,0,0,608,0,0,5,5,0,0,0,0,0,608,0,0,5,5,64,40,0,0,608,0,0,5,5,89.0,josh reynolds0
Jerry Jeudy,DEN,WR,16,0,0,0,0,0,758,0,0,2,2,0,0,0,0,0,758,0,0,2,2,87,54,0,0,758,0,0,2,2,88.0,jerry jeudy0
Jaxon Smith-Njigba,SEA,WR,17,0,0,0,0,0,628,0,0,4,4,0,0,0,0,0,628,0,0,4,4,93,63,0,0,628,0,0,4,4,87.0,jaxon smith-njigba0
Tyrod Taylor,NYG,QB,11,116,180,38,1341,197,0,5,0,0,0,3,180,38,1341,197,0,5,0,0,0,0,0,1341,197,0,5,0,0,0,87.0,tyrod taylor0
Deshaun Watson,CLE,QB,6,105,171,26,1115,142,0,7,1,0,1,4,171,26,1115,142,0,7,1,0,1,0,0,1115,142,0,7,1,0,1,87.0,deshaun watson0
Marquise Brown,ARI,WR,14,0,0,2,0,23,574,0,0,4,4,0,0,2,0,23,574,0,0,4,4,101,51,0,23,574,0,0,4,4,84.0,marquise brown0
Kyle Pitts,ATL,TE,17,0,0,1,0,-4,667,0,0,3,3,0,0,1,0,-4,667,0,0,3,3,90,53,0,-4,667,0,0,3,3,84.0,kyle pitts0
DJ Chark,CAR,WR,15,0,0,0,0,0,525,0,0,5,5,0,0,0,0,0,525,0,0,5,5,66,35,0,0,525,0,0,5,5,81.0,dj chark0
Justice Hill,BAL,RB,16,0,0,84,0,387,206,0,3,1,4,0,0,84,0,387,206,0,3,1,4,39,28,0,387,206,0,3,1,4,81.0,justice hill0
Dontayvion Wicks,GNB,WR,15,1,1,1,14,1,581,0,0,4,4,0,1,1,14,1,581,0,0,4,4,58,39,14,1,581,0,0,4,4,81.0,dontayvion wicks0
Ty Chandler,MIN,RB,17,0,0,102,0,461,159,0,3,0,3,0,0,102,0,461,159,0,3,0,3,25,21,0,461,159,0,3,0,3,80.0,ty chandler0
D'Onta Foreman,CHI,RB,9,0,0,109,0,425,77,0,4,1,5,0,0,109,0,425,77,0,4,1,5,16,11,0,425,77,0,4,1,5,80.0,d'onta foreman0
Ryan Tannehill,TEN,QB,10,149,230,17,1616,74,0,4,1,0,1,7,230,17,1616,74,0,4,1,0,1,1,0,1616,74,0,4,1,0,1,80.0,ryan tannehill0
Antonio Gibson,WAS,RB,16,0,0,65,0,265,389,0,1,2,3,0,0,65,0,265,389,0,1,2,3,59,48,0,265,389,0,1,2,3,79.0,antonio gibson0
Tyler Boyd,CIN,WR,17,0,1,2,0,11,667,0,0,2,2,1,1,2,0,11,667,0,0,2,2,98,67,0,11,667,0,0,2,2,78.0,tyler boyd0
Hunter Henry,NWE,TE,14,0,0,0,0,0,419,0,0,6,6,0,0,0,0,0,419,0,0,6,6,61,42,0,0,419,0,0,6,6,78.0,hunter henry0
Dallas Goedert,PHI,TE,14,0,0,1,0,1,592,0,0,3,3,0,0,1,0,1,592,0,0,3,3,83,59,0,1,592,0,0,3,3,77.0,dallas goedert0
Dalton Kincaid,BUF,TE,16,0,0,0,0,0,673,0,0,2,2,0,0,0,0,0,673,0,0,2,2,91,73,0,0,673,0,0,2,2,77.0,dalton kincaid0
Michael Wilson,ARI,WR,13,0,0,0,0,0,565,0,0,3,3,0,0,0,0,0,565,0,0,3,3,58,38,0,0,565,0,0,3,3,77.0,michael wilson0
Jahan Dotson,WAS,WR,17,0,0,0,0,0,518,0,0,4,4,0,0,0,0,0,518,0,0,4,4,83,49,0,0,518,0,0,4,4,76.0,jahan dotson0
Rico Dowdle,DAL,RB,16,0,0,89,0,361,144,0,2,2,4,0,0,89,0,361,144,0,2,2,4,22,17,0,361,144,0,2,2,4,75.0,rico dowdle0
Jaleel McLaughlin,DEN,RB,17,0,0,76,0,410,160,0,1,2,3,0,0,76,0,410,160,0,1,2,3,36,31,0,410,160,0,1,2,3,75.0,jaleel mclaughlin0
Khalil Shakir,BUF,WR,17,0,0,1,0,10,611,0,0,2,2,0,0,1,0,10,611,0,0,2,2,45,39,0,10,611,0,0,2,2,74.0,khalil shakir0
Jonnu Smith,ATL,TE,17,0,1,1,0,0,582,0,0,3,3,0,1,1,0,0,582,0,0,3,3,70,50,0,0,582,0,0,3,3,74.0,jonnu smith0
Tutu Atwell,LAR,WR,16,0,0,5,0,31,483,0,0,3,3,0,0,5,0,31,483,0,0,3,3,67,39,0,31,483,0,0,3,3,73.0,tutu atwell0
Odell Beckham Jr.,BAL,WR,14,0,0,0,0,0,565,0,0,3,3,0,0,0,0,0,565,0,0,3,3,64,35,0,0,565,0,0,3,3,73.0,odell beckham jr.0
Zach Charbonnet,SEA,RB,16,0,0,108,0,462,209,0,1,0,1,0,0,108,0,462,209,0,1,0,1,40,33,0,462,209,0,1,0,1,73.0,zach charbonnet0
Elijah Moore,CLE,WR,17,0,0,9,0,11,640,0,0,2,2,0,0,9,0,11,640,0,0,2,2,104,59,0,11,640,0,0,2,2,73.0,elijah moore0
Anthony Richardson,IND,QB,4,50,84,25,577,136,0,3,4,0,4,1,84,25,577,136,0,3,4,0,4,0,0,577,136,0,3,4,0,4,73.0,anthony richardson0
Wan'Dale Robinson,NYG,WR,15,0,0,9,0,87,525,0,1,1,2,0,0,9,0,87,525,0,1,1,2,78,60,0,87,525,0,1,1,2,73.0,wan'dale robinson0
Christian Watson,GNB,WR,9,0,0,4,0,11,422,0,0,5,5,0,0,4,0,11,422,0,0,5,5,53,28,0,11,422,0,0,5,5,73.0,christian watson0
K.J. Osborn,MIN,WR,16,0,0,0,0,0,540,0,0,3,3,0,0,0,0,0,540,0,0,3,3,75,48,0,0,540,0,0,3,3,72.0,k.j. osborn0
Logan Thomas,WAS,TE,16,0,0,1,0,2,496,0,0,4,4,0,0,1,0,2,496,0,0,4,4,78,55,0,2,496,0,0,4,4,72.0,logan thomas0
Isaiah Likely,BAL,TE,17,0,0,0,0,0,411,0,0,5,5,0,0,0,0,0,411,0,0,5,5,40,30,0,0,411,0,0,5,5,71.0,isaiah likely0
Samaje Perine,DEN,RB,17,0,0,53,0,238,455,0,1,0,1,0,0,53,0,238,455,0,1,0,1,56,50,0,238,455,0,1,0,1,71.0,samaje perine0
Cade Otton,TAM,TE,17,0,0,0,0,0,455,0,0,4,4,0,0,0,0,0,455,0,0,4,4,67,47,0,0,455,0,0,4,4,70.0,cade otton0
Dameon Pierce,HOU,RB,14,0,0,145,0,416,101,0,2,0,3,0,0,145,0,416,101,0,2,0,3,17,13,0,416,101,0,2,0,3,70.0,dameon pierce0
Noah Brown,HOU,WR,10,0,0,1,0,-1,567,0,0,2,2,0,0,1,0,-1,567,0,0,2,2,55,33,0,-1,567,0,0,2,2,69.0,noah brown0
Josh Palmer,LAC,WR,10,0,0,1,0,6,581,0,0,2,2,0,0,1,0,6,581,0,0,2,2,61,38,0,6,581,0,0,2,2,69.0,josh palmer0
Bailey Zappe,NWE,QB,10,127,212,17,1272,83,0,6,1,0,1,9,212,17,1272,83,0,6,1,0,1,0,0,1272,83,0,6,1,0,1,69.0,bailey zappe0
Roschon Johnson,CHI,RB,15,0,0,81,0,352,209,0,2,0,2,0,0,81,0,352,209,0,2,0,2,40,34,0,352,209,0,2,0,2,68.0,roschon johnson0
Easton Stick,LAC,QB,5,111,174,27,1129,144,0,3,1,0,1,1,174,27,1129,144,0,3,1,0,1,0,0,1129,144,0,3,1,0,1,68.0,easton stick0
Kenneth Gainwell,PHI,RB,16,1,1,84,17,364,183,0,2,0,2,0,1,84,17,364,183,0,2,0,2,37,30,17,364,183,0,2,0,2,67.0,kenneth gainwell0
Nick Mullens,MIN,QB,5,100,148,10,1306,25,0,7,0,0,0,8,148,10,1306,25,0,7,0,0,0,0,0,1306,25,0,7,0,0,0,67.0,nick mullens0
Taylor Heinicke,ATL,QB,5,74,136,15,890,124,0,5,1,0,1,4,136,15,890,124,0,5,1,0,1,0,0,890,124,0,5,1,0,1,66.0,taylor heinicke0
Latavius Murray,BUF,RB,16,0,0,79,0,300,119,0,4,0,4,0,0,79,0,300,119,0,4,0,4,22,17,0,300,119,0,4,0,4,66.0,latavius murray0
Rondale Moore,ARI,WR,17,0,0,28,0,178,352,0,1,1,2,0,0,28,0,178,352,0,1,1,2,62,40,0,178,352,0,1,1,2,65.0,rondale moore0
Jimmy Garoppolo,LVR,QB,7,110,169,20,1205,39,0,7,0,0,0,9,169,20,1205,39,0,7,0,0,0,0,0,1205,39,0,7,0,0,0,64.0,jimmy garoppolo0
Kendrick Bourne,NWE,WR,8,0,0,1,0,4,406,0,0,4,4,0,0,1,0,4,406,0,0,4,4,55,37,0,4,406,0,0,4,4,63.0,kendrick bourne0
Alec Pierce,IND,WR,17,0,0,0,0,0,514,0,0,2,2,0,0,0,0,0,514,0,0,2,2,65,32,0,0,514,0,0,2,2,63.0,alec pierce0
Nelson Agholor,BAL,WR,17,0,0,0,0,0,381,0,0,4,4,0,0,0,0,0,381,0,0,4,4,45,35,0,0,381,0,0,4,4,62.0,nelson agholor0
Tyler Conklin,NYJ,TE,17,0,0,1,0,0,621,0,0,0,0,0,0,1,0,0,621,0,0,0,0,87,61,0,0,621,0,0,0,0,62.0,tyler conklin0
Tyler Higbee,LAR,TE,15,0,0,0,0,0,495,0,0,2,2,0,0,0,0,0,495,0,0,2,2,70,47,0,0,495,0,0,2,2,62.0,tyler higbee0
Kalif Raymond,DET,WR,17,0,0,7,0,75,489,0,0,1,1,0,0,7,0,75,489,0,0,1,1,44,35,0,75,489,0,0,1,1,62.0,kalif raymond0
Justin Watson,KAN,WR,16,0,0,0,0,0,460,0,0,3,3,0,0,0,0,0,460,0,0,3,3,53,27,0,0,460,0,0,3,3,62.0,justin watson0
Juwan Johnson,NOR,TE,13,0,0,0,0,0,368,0,0,4,4,0,0,0,0,0,368,0,0,4,4,59,37,0,0,368,0,0,4,4,61.0,juwan johnson0
Keaton Mitchell,BAL,RB,8,0,0,47,0,396,93,0,2,0,2,0,0,47,0,396,93,0,2,0,2,11,9,0,396,93,0,2,0,2,61.0,keaton mitchell0
Demarcus Robinson,LAR,WR,16,0,0,1,0,23,371,0,0,4,4,0,0,1,0,23,371,0,0,4,4,39,26,0,23,371,0,0,4,4,61.0,demarcus robinson0
Miles Sanders,CAR,RB,16,0,0,129,0,432,154,0,1,0,1,0,0,129,0,432,154,0,1,0,1,41,27,0,432,154,0,1,0,1,61.0,miles sanders0
Darren Waller,NYG,TE,12,0,0,0,0,0,552,0,0,1,1,0,0,0,0,0,552,0,0,1,1,74,52,0,0,552,0,0,1,1,61.0,darren waller0
Gerald Everett,LAC,TE,15,0,0,3,0,10,411,0,0,3,3,0,0,3,0,10,411,0,0,3,3,70,51,0,10,411,0,0,3,3,60.0,gerald everett0
Jerick McKinnon,KAN,RB,12,1,1,21,4,60,192,1,1,4,5,0,1,21,4,60,192,1,1,4,5,32,25,4,60,192,1,1,4,5,59.0,jerick mckinnon0
Chigoziem Okonkwo,TEN,TE,17,0,0,2,0,6,528,0,0,1,1,0,0,2,0,6,528,0,0,1,1,77,54,0,6,528,0,0,1,1,59.0,chigoziem okonkwo0
Zamir White,LVR,RB,17,0,0,104,0,451,98,0,1,0,1,0,0,104,0,451,98,0,1,0,1,19,15,0,451,98,0,1,0,1,59.0,zamir white0
Demario Douglas,NWE,WR,14,0,0,8,0,41,561,0,0,0,0,0,0,8,0,41,561,0,0,0,0,79,49,0,41,561,0,0,0,0,58.0,demario douglas0
Daniel Jones,NYG,QB,6,108,160,40,909,206,0,2,1,0,1,6,160,40,909,206,0,2,1,0,1,0,0,909,206,0,2,1,0,1,57.0,daniel jones0
Trey Palmer,TAM,WR,17,0,0,3,0,22,385,0,0,3,3,0,0,3,0,22,385,0,0,3,3,68,39,0,22,385,0,0,3,3,57.0,trey palmer0
Nick Westbrook-Ikhine,TEN,WR,14,0,0,0,0,0,370,0,0,3,3,0,0,0,0,0,370,0,0,3,3,45,28,0,0,370,0,0,3,3,57.0,nick westbrook-ikhine0
Quentin Johnston,LAC,WR,17,0,0,3,0,9,431,0,0,2,2,0,0,3,0,9,431,0,0,2,2,67,38,0,9,431,0,0,2,2,56.0,quentin johnston0
Jameson Williams,DET,WR,12,0,0,3,0,29,354,0,1,2,3,0,0,3,0,29,354,0,1,2,3,42,24,0,29,354,0,1,2,3,56.0,jameson williams0
Michael Gallup,DAL,WR,17,0,0,0,0,0,418,0,0,2,2,0,0,0,0,0,418,0,0,2,2,57,34,0,0,418,0,0,2,2,54.0,michael gallup0
Brandon Johnson,DEN,WR,13,0,0,0,0,0,284,0,0,4,4,0,0,0,0,0,284,0,0,4,4,30,19,0,0,284,0,0,4,4,54.0,brandon johnson0
Joshua Kelley,LAC,RB,17,0,0,107,0,405,32,0,2,0,2,0,0,107,0,405,32,0,2,0,2,12,8,0,405,32,0,2,0,2,54.0,joshua kelley0
Tyson Bagent,CHI,QB,5,94,143,23,859,109,0,3,2,0,2,6,143,23,859,109,0,3,2,0,2,0,0,859,109,0,3,2,0,2,53.0,tyson bagent0
Clyde Edwards-Helaire,KAN,RB,15,0,0,70,0,223,188,0,1,1,2,0,0,70,0,223,188,0,1,1,2,22,17,0,223,188,0,1,1,2,53.0,clyde edwards-helaire0
Donald Parham,LAC,TE,14,0,0,0,0,0,285,0,0,4,4,0,0,0,0,0,285,0,0,4,4,41,27,0,0,285,0,0,4,4,53.0,donald parham0
Tre Tucker,LVR,WR,16,0,0,10,0,77,331,0,0,2,2,0,0,10,0,77,331,0,0,2,2,34,19,0,77,331,0,0,2,2,53.0,tre tucker0
Emari Demercado,ARI,RB,14,0,0,58,0,284,119,0,2,0,2,0,0,58,0,284,119,0,2,0,2,30,21,0,284,119,0,2,0,2,52.0,emari demercado0
Michael Thomas,NOR,WR,10,0,0,0,0,0,448,0,0,1,1,0,0,0,0,0,448,0,0,1,1,64,39,0,0,448,0,0,1,1,51.0,michael thomas0
Marvin Mims*,DEN,WR,16,0,0,9,0,30,377,0,0,1,2,0,0,9,0,30,377,0,0,1,2,33,22,0,30,377,0,0,1,2,49.0,marvin mims0
A.T. Perry,NOR,WR,10,0,0,0,0,0,246,0,0,4,4,0,0,0,0,0,246,0,0,4,4,18,12,0,0,246,0,0,4,4,49.0,a.t. perry0
Mitchell Trubisky,PIT,QB,5,67,107,16,632,54,0,4,2,0,2,5,107,16,632,54,0,4,2,0,2,0,0,632,54,0,4,2,0,2,49.0,mitchell trubisky0
Robert Woods,HOU,WR,14,0,0,1,0,7,426,0,0,1,1,0,0,1,0,7,426,0,0,1,1,75,40,0,7,426,0,0,1,1,49.0,robert woods0
Tucker Kraft,GNB,TE,17,0,0,0,0,0,355,0,0,2,2,0,0,0,0,0,355,0,0,2,2,40,31,0,0,355,0,0,2,2,48.0,tucker kraft0
Darnell Mooney,CHI,WR,15,0,0,2,0,5,414,0,0,1,1,0,0,2,0,5,414,0,0,1,1,61,31,0,5,414,0,0,1,1,48.0,darnell mooney0
KaVontae Turpin,DAL,WR,16,0,0,11,0,110,127,0,1,3,4,0,0,11,0,110,127,0,1,3,4,18,12,0,110,127,0,1,3,4,48.0,kavontae turpin0
Cedrick Wilson Jr.,MIA,WR,15,0,0,0,0,0,296,0,0,3,3,0,0,0,0,0,296,0,0,3,3,38,22,0,0,296,0,0,3,3,48.0,cedrick wilson jr.0
Chris Moore,TEN,WR,17,0,0,2,0,39,424,0,0,0,0,0,0,2,0,39,424,0,0,0,0,35,22,0,39,424,0,0,0,0,46.0,chris moore0
Rashod Bateman,BAL,WR,16,0,0,1,0,18,367,0,0,1,1,0,0,1,0,18,367,0,0,1,1,56,32,0,18,367,0,0,1,1,45.0,rashod bateman0
Royce Freeman,LAR,RB,14,0,0,77,0,319,13,0,2,0,2,0,0,77,0,319,13,0,2,0,2,2,1,0,319,13,0,2,0,2,45.0,royce freeman0
Pat Freiermuth,PIT,TE,12,0,0,0,0,0,308,0,0,2,2,0,0,0,0,0,308,0,0,2,2,47,32,0,0,308,0,0,2,2,45.0,pat freiermuth0
Zay Jones,JAX,WR,9,0,0,0,0,0,321,0,0,2,2,0,0,0,0,0,321,0,0,2,2,64,34,0,0,321,0,0,2,2,44.0,zay jones0
Michael Mayer,LVR,TE,14,0,0,0,0,0,304,0,0,2,2,0,0,0,0,0,304,0,0,2,2,40,27,0,0,304,0,0,2,2,44.0,michael mayer0
Kylen Granson,IND,TE,15,0,0,1,0,2,368,0,0,1,1,0,0,1,0,2,368,0,0,1,1,50,30,0,2,368,0,0,1,1,43.0,kylen granson0
Noah Gray,KAN,TE,17,0,0,1,0,1,305,0,0,2,2,0,0,1,0,1,305,0,0,2,2,41,28,0,1,305,0,0,2,2,43.0,noah gray0
Jamaal Williams,NOR,RB,13,0,0,106,0,306,62,0,1,0,1,0,0,106,0,306,62,0,1,0,1,20,18,0,306,62,0,1,0,1,43.0,jamaal williams0
Jordan Mason,SFO,RB,17,0,0,40,0,206,31,0,3,0,3,0,0,40,0,206,31,0,3,0,3,4,3,0,206,31,0,3,0,3,42.0,jordan mason0
Jonathan Mingo,CAR,WR,15,0,0,0,0,0,418,0,0,0,0,0,0,0,0,0,418,0,0,0,0,85,43,0,0,418,0,0,0,0,42.0,jonathan mingo0
Elijah Mitchell,SFO,RB,11,0,0,75,0,281,14,0,2,0,2,0,0,75,0,281,14,0,2,0,2,8,6,0,281,14,0,2,0,2,42.0,elijah mitchell0
Greg Dortch,ARI,WR,16,0,0,1,0,5,280,0,0,2,2,0,0,1,0,5,280,0,0,2,2,41,24,0,5,280,0,0,2,2,41.0,greg dortch0
Noah Fant,SEA,TE,17,0,0,0,0,0,414,0,0,0,0,0,0,0,0,0,414,0,0,0,0,43,32,0,0,414,0,0,0,0,41.0,noah fant0
Tanner Hudson,CIN,TE,12,0,0,0,0,0,352,0,0,1,1,0,0,0,0,0,352,0,0,1,1,50,39,0,0,352,0,0,1,1,41.0,tanner hudson0
Luke Musgrave,GNB,TE,11,0,0,0,0,0,352,0,0,1,1,0,0,0,0,0,352,0,0,1,1,46,34,0,0,352,0,0,1,1,41.0,luke musgrave0
Chase Brown,CIN,RB,12,0,0,44,0,179,156,0,0,1,1,0,0,44,0,179,156,0,0,1,1,15,14,0,179,156,0,0,1,1,40.0,chase brown0
Mason Rudolph,PIT,QB,4,55,74,10,719,8,0,3,0,0,0,0,74,10,719,8,0,3,0,0,0,0,0,719,8,0,3,0,0,0,40.0,mason rudolph0
Isaiah Hodgins,NYG,WR,17,0,0,0,0,0,230,0,0,3,3,0,0,0,0,0,230,0,0,3,3,33,21,0,0,230,0,0,3,3,39.0,isaiah hodgins0
DeVante Parker,NWE,WR,13,0,0,0,0,0,394,0,0,0,0,0,0,0,0,0,394,0,0,0,0,55,33,0,0,394,0,0,0,0,39.0,devante parker0
Jake Bobo,SEA,WR,17,0,0,1,0,3,196,0,1,2,3,0,0,1,0,3,196,0,1,2,3,25,19,0,3,196,0,1,2,3,38.0,jake bobo0
Xavier Gipson,NYJ,WR,17,0,0,8,0,68,229,0,1,0,2,0,0,8,0,68,229,0,1,0,2,38,21,0,68,229,0,1,0,2,38.0,xavier gipson0
Trenton Irwin,CIN,WR,16,0,0,0,0,0,316,0,0,1,1,0,0,0,0,0,316,0,0,1,1,32,25,0,0,316,0,0,1,1,38.0,trenton irwin0
Brandon Powell,MIN,WR,17,0,0,5,0,17,324,0,0,1,1,0,0,5,0,17,324,0,0,1,1,44,29,0,17,324,0,0,1,1,38.0,brandon powell0
Pierre Strong,CLE,RB,17,0,0,63,0,291,47,0,1,0,1,0,0,63,0,291,47,0,1,0,1,8,5,0,291,47,0,1,0,1,38.0,pierre strong0
Adam Trautman,DEN,TE,17,0,0,0,0,0,204,0,0,3,3,0,0,0,0,0,204,0,0,3,3,35,22,0,0,204,0,0,3,3,38.0,adam trautman0
Jalin Hyatt,NYG,WR,17,0,0,0,0,0,373,0,0,0,0,0,0,0,0,0,373,0,0,0,0,40,23,0,0,373,0,0,0,0,37.0,jalin hyatt0
Allen Lazard,NYJ,WR,14,0,0,0,0,0,311,0,0,1,1,0,0,0,0,0,311,0,0,1,1,49,23,0,0,311,0,0,1,1,37.0,allen lazard0
Colby Parkinson,SEA,TE,17,0,0,0,0,0,247,0,0,2,2,0,0,0,0,0,247,0,0,2,2,34,25,0,0,247,0,0,2,2,37.0,colby parkinson0
Durham Smythe,MIA,TE,16,0,0,0,0,0,366,0,0,0,0,0,0,0,0,0,366,0,0,0,0,43,35,0,0,366,0,0,0,0,37.0,durham smythe0
Jalen Tolbert,DAL,WR,17,0,0,0,0,0,268,0,0,2,2,0,0,0,0,0,268,0,0,2,2,36,22,0,0,268,0,0,2,2,37.0,jalen tolbert0
Tommy Tremble,CAR,TE,16,0,0,0,0,0,194,0,0,3,3,0,0,0,0,0,194,0,0,3,3,32,23,0,0,194,0,0,3,3,37.0,tommy tremble0
Cam Akers,2TM,RB,7,0,0,60,0,167,70,0,2,0,2,0,0,60,0,167,70,0,2,0,2,12,11,0,167,70,0,2,0,2,36.0,cam akers0
Mo Alie-Cox,IND,TE,17,0,0,0,0,0,161,0,0,3,3,0,0,0,0,0,161,0,0,3,3,22,13,0,0,161,0,0,3,3,36.0,mo alie-cox0
Calvin Austin,PIT,WR,17,0,0,11,0,57,180,0,1,1,2,0,0,11,0,57,180,0,1,1,2,30,17,0,57,180,0,1,1,2,36.0,calvin austin0
Mike Gesicki,NWE,TE,17,0,0,0,0,0,244,0,0,2,2,0,0,0,0,0,244,0,0,2,2,45,29,0,0,244,0,0,2,2,36.0,mike gesicki0
Andrei Iosivas,CIN,WR,16,0,0,0,0,0,116,0,0,4,4,0,0,0,0,0,116,0,0,4,4,25,15,0,0,116,0,0,4,4,36.0,andrei iosivas0
Chris Rodriguez,WAS,RB,13,0,0,51,0,247,12,0,2,0,2,0,0,51,0,247,12,0,2,0,2,2,2,0,247,12,0,2,0,2,36.0,chris rodriguez0
Marquez Valdes-Scantling,KAN,WR,16,0,0,0,0,0,315,0,0,1,1,0,0,0,0,0,315,0,0,1,1,42,21,0,0,315,0,0,1,1,36.0,marquez valdes-scantling0
David Bell,CLE,WR,15,0,0,0,0,0,167,0,0,3,3,0,0,0,0,0,167,0,0,3,3,23,14,0,0,167,0,0,3,3,35.0,david bell0
Michael Carter,2TM,RB,15,0,0,30,0,187,101,0,0,1,1,0,0,30,0,187,101,0,0,1,1,31,24,0,187,101,0,0,1,1,35.0,michael carter0
Darrell Henderson,LAR,RB,4,0,0,46,0,112,103,0,2,0,2,0,0,46,0,112,103,0,2,0,2,14,10,0,112,103,0,2,0,2,34.0,darrell henderson0
Lil'Jordan Humphrey,DEN,WR,17,0,0,0,0,0,162,0,0,3,3,0,0,0,0,0,162,0,0,3,3,19,13,0,0,162,0,0,3,3,34.0,lil'jordan humphrey0
Brevin Jordan,HOU,TE,14,0,0,0,0,0,219,0,0,2,2,0,0,0,0,0,219,0,0,2,2,21,17,0,0,219,0,0,2,2,34.0,brevin jordan0
Jauan Jennings,SFO,WR,13,0,0,0,0,0,265,0,0,1,1,0,0,0,0,0,265,0,0,1,1,33,19,0,0,265,0,0,1,1,33.0,jauan jennings0
Dawson Knox,BUF,TE,12,0,0,0,0,0,186,0,0,2,2,0,0,0,0,0,186,0,0,2,2,36,22,0,0,186,0,0,2,2,33.0,dawson knox0
Kendre Miller,NOR,RB,8,0,0,41,0,156,117,0,1,0,1,0,0,41,0,156,117,0,1,0,1,11,10,0,156,117,0,1,0,1,33.0,kendre miller0
Skyy Moore,KAN,WR,14,0,0,3,0,23,244,0,0,1,1,0,0,3,0,23,244,0,0,1,1,38,21,0,23,244,0,0,1,1,33.0,skyy moore0
JuJu Smith-Schuster,NWE,WR,11,0,0,0,0,0,260,0,0,1,1,0,0,0,0,0,260,0,0,1,1,47,29,0,0,260,0,0,1,1,32.0,juju smith-schuster0
Braxton Berrios,MIA,WR,16,0,0,1,0,11,238,0,0,1,1,0,0,1,0,11,238,0,0,1,1,33,27,0,11,238,0,0,1,1,31.0,braxton berrios0
Josh Oliver,MIN,TE,17,0,0,0,0,0,213,0,0,2,2,0,0,0,0,0,213,0,0,2,2,28,22,0,0,213,0,0,2,2,31.0,josh oliver0
Mike Williams,LAC,WR,3,0,0,1,0,3,249,0,0,1,1,0,0,1,0,3,249,0,0,1,1,26,19,0,3,249,0,0,1,1,31.0,mike williams0
Matt Breida,NYG,RB,17,0,0,55,0,151,88,0,1,0,1,0,0,55,0,151,88,0,1,0,1,21,17,0,151,88,0,1,0,1,30.0,matt breida0
Bo Melton,GNB,WR,5,0,0,3,0,21,218,0,0,1,1,0,0,3,0,21,218,0,0,1,1,24,16,0,21,218,0,0,1,1,30.0,bo melton0
Alex Erickson,LAC,WR,8,0,0,0,0,0,232,0,0,1,1,0,0,0,0,0,232,0,0,1,1,29,16,0,0,232,0,0,1,1,29.0,alex erickson0
Drew Lock,SEA,QB,4,48,76,5,543,14,0,3,0,0,0,3,76,5,543,14,0,3,0,0,0,0,0,543,14,0,3,0,0,0,29.0,drew lock0
Andrew Beck,HOU,FB,15,0,0,5,0,3,55,0,1,2,4,0,0,5,0,3,55,0,1,2,4,13,11,0,3,55,0,1,2,4,28.0,andrew beck0
Jimmy Graham,NOR,TE,13,0,0,0,0,0,39,0,0,4,4,0,0,0,0,0,39,0,0,4,4,7,6,0,0,39,0,0,4,4,28.0,jimmy graham0
Scott Miller,ATL,WR,17,0,0,0,0,0,161,0,0,2,2,0,0,0,0,0,161,0,0,2,2,16,11,0,0,161,0,0,2,2,28.0,scott miller0
Cordarrelle Patterson,ATL,RB,14,0,0,50,0,181,38,0,0,1,1,0,0,50,0,181,38,0,0,1,1,12,9,0,181,38,0,0,1,1,28.0,cordarrelle patterson0
Allen Robinson,PIT,WR,17,0,0,0,0,0,280,0,0,0,0,0,0,0,0,0,280,0,0,0,0,49,34,0,0,280,0,0,0,0,28.0,allen robinson0
Drew Sample,CIN,TE,17,0,0,0,0,0,163,0,0,2,2,0,0,0,0,0,163,0,0,2,2,27,22,0,0,163,0,0,2,2,28.0,drew sample0
Olamide Zaccheaus,PHI,WR,17,0,0,0,0,0,164,0,0,2,2,0,0,0,0,0,164,0,0,2,2,20,10,0,0,164,0,0,2,2,28.0,olamide zaccheaus0
Salvon Ahmed,MIA,RB,8,0,0,22,0,61,88,0,1,1,2,0,0,22,0,61,88,0,1,1,2,23,16,0,61,88,0,1,1,2,27.0,salvon ahmed0
Andrew Ogletree,IND,TE,12,0,0,0,0,0,147,0,0,2,2,0,0,0,0,0,147,0,0,2,2,21,9,0,0,147,0,0,2,2,27.0,andrew ogletree0
Trevor Siemian,NYJ,QB,5,86,153,11,724,40,0,2,0,0,0,4,153,11,724,40,0,2,0,0,0,0,0,724,40,0,2,0,0,0,27.0,trevor siemian0
Jarrett Stidham,DEN,QB,3,40,66,9,496,8,0,2,0,0,0,1,66,9,496,8,0,2,0,0,0,0,0,496,8,0,2,0,0,0,27.0,jarrett stidham0
Jeff Wilson,MIA,RB,10,0,0,41,0,188,85,0,0,0,0,0,0,41,0,188,85,0,0,0,0,17,14,0,188,85,0,0,0,0,27.0,jeff wilson0
Jamal Agnew,JAX,WR,11,0,0,4,0,-2,225,0,0,1,1,0,0,4,0,-2,225,0,0,1,1,21,14,0,-2,225,0,0,1,1,26.0,jamal agnew0
Daniel Bellinger,NYG,TE,17,0,0,0,0,0,255,0,0,0,0,0,0,0,0,0,255,0,0,0,0,28,25,0,0,255,0,0,0,0,26.0,daniel bellinger0
Chase Edmonds,TAM,RB,13,0,0,49,0,176,81,0,0,0,0,0,0,49,0,176,81,0,0,0,0,17,14,0,176,81,0,0,0,0,26.0,chase edmonds0
Tyler Huntley,BAL,QB,5,21,37,15,203,55,0,3,0,0,0,0,37,15,203,55,0,3,0,0,0,0,0,203,55,0,3,0,0,0,26.0,tyler huntley0
Kadarius Toney,KAN,WR,13,0,1,11,0,31,169,0,0,1,1,0,1,11,0,31,169,0,0,1,1,38,27,0,31,169,0,0,1,1,26.0,kadarius toney0
Carson Wentz,LAR,QB,2,17,24,17,163,56,0,2,1,0,1,1,24,17,163,56,0,2,1,0,1,0,0,163,56,0,2,1,0,1,26.0,carson wentz0
Ronnie Bell,SFO,WR,17,0,0,0,0,0,68,0,0,3,3,0,0,0,0,0,68,0,0,3,3,13,6,0,0,68,0,0,3,3,25.0,ronnie bell0
Pharaoh Brown,NWE,TE,17,0,0,0,0,0,208,0,0,1,1,0,0,0,0,0,208,0,0,1,1,15,13,0,0,208,0,0,1,1,25.0,pharaoh brown0
Harrison Bryant,CLE,TE,17,0,0,5,0,8,81,0,0,3,3,0,0,5,0,8,81,0,0,3,3,20,13,0,8,81,0,0,3,3,25.0,harrison bryant0
Dalvin Cook,2TM,RB,15,0,0,67,0,214,78,0,0,0,0,0,0,67,0,214,78,0,0,0,0,20,15,0,214,78,0,0,0,0,25.0,dalvin cook0
Zach Ertz,ARI,TE,7,0,0,0,0,0,187,0,0,1,1,0,0,0,0,0,187,0,0,1,1,43,27,0,0,187,0,0,1,1,25.0,zach ertz0
Deonte Harty,BUF,WR,16,0,0,4,0,0,150,0,0,1,2,0,0,4,0,0,150,0,0,1,2,21,15,0,0,150,0,0,1,2,25.0,deonte harty0
Mack Hollins,ATL,WR,13,0,0,0,0,0,251,0,0,0,0,0,0,0,0,0,251,0,0,0,0,30,18,0,0,251,0,0,0,0,25.0,mack hollins0
D'Ernest Johnson,JAX,RB,17,0,0,41,0,108,140,0,0,0,0,0,0,41,0,108,140,0,0,0,0,12,10,0,108,140,0,0,0,0,25.0,d'ernest johnson0
Ty Johnson,BUF,RB,10,0,0,30,0,132,62,0,0,1,1,0,0,30,0,132,62,0,0,1,1,7,7,0,132,62,0,0,1,1,25.0,ty johnson0
Julio Jones,PHI,WR,11,0,0,0,0,0,74,0,0,3,3,0,0,0,0,0,74,0,0,3,3,19,11,0,0,74,0,0,3,3,25.0,julio jones0
Tony Jones,2TM,RB,7,0,0,26,0,95,37,0,2,0,2,0,0,26,0,95,37,0,2,0,2,10,7,0,95,37,0,2,0,2,25.0,tony jones0
Kyle Juszczyk*+,SFO,FB,17,0,0,5,0,6,119,0,0,2,2,0,0,5,0,6,119,0,0,2,2,17,14,0,6,119,0,0,2,2,25.0,kyle juszczyk0
Foster Moreau,NOR,TE,15,0,0,0,0,0,193,0,0,1,1,0,0,0,0,0,193,0,0,1,1,25,21,0,0,193,0,0,1,1,25.0,foster moreau0
Craig Reynolds,DET,RB,17,0,0,41,0,179,47,0,1,0,1,0,0,41,0,179,47,0,1,0,1,5,5,0,179,47,0,1,0,1,25.0,craig reynolds0
Ihmir Smith-Marsette,CAR,WR,17,0,0,8,0,74,51,0,1,0,2,0,0,8,0,74,51,0,1,0,2,10,8,0,74,51,0,1,0,2,25.0,ihmir smith-marsette0
Treylon Burks,TEN,WR,11,0,0,5,0,18,221,0,0,0,0,0,0,5,0,18,221,0,0,0,0,30,16,0,18,221,0,0,0,0,24.0,treylon burks0
Andy Dalton,CAR,QB,3,34,58,3,361,12,0,2,0,0,0,0,58,3,361,12,0,2,0,0,0,0,0,361,12,0,2,0,0,0,24.0,andy dalton0
Hayden Hurst,CAR,TE,9,0,0,0,0,0,184,0,0,1,1,0,0,0,0,0,184,0,0,1,1,32,18,0,0,184,0,0,1,1,24.0,hayden hurst0
Hunter Renfrow,LVR,WR,17,0,0,0,0,0,255,0,0,0,0,0,0,0,0,0,255,0,0,0,0,37,25,0,0,255,0,0,0,0,24.0,hunter renfrow0
Jacoby Brissett,WAS,QB,3,18,23,3,224,19,0,3,0,0,0,0,23,3,224,19,0,3,0,0,0,0,0,224,19,0,3,0,0,0,23.0,jacoby brissett0
Dyami Brown,WAS,WR,17,1,1,1,4,0,168,0,0,1,1,0,1,1,4,0,168,0,0,1,1,23,12,4,0,168,0,0,1,1,23.0,dyami brown0
Sam Darnold,SFO,QB,10,28,46,21,297,15,0,2,1,0,1,1,46,21,297,15,0,2,1,0,1,0,0,297,15,0,2,1,0,1,23.0,sam darnold0
Will Dissly,SEA,TE,16,0,0,0,0,0,172,0,0,1,1,0,0,0,0,0,172,0,0,1,1,22,17,0,0,172,0,0,1,1,23.0,will dissly0
Darrynton Evans,2TM,RB,7,0,0,32,0,121,49,0,1,0,1,0,0,32,0,121,49,0,1,0,1,12,7,0,121,49,0,1,0,1,23.0,darrynton evans0
KhaDarel Hodge,ATL,WR,17,0,0,1,0,0,232,0,0,0,0,0,0,1,0,0,232,0,0,0,0,23,14,0,0,232,0,0,0,0,23.0,khadarel hodge0
Austin Hooper,LVR,TE,17,0,0,0,0,0,234,0,0,0,0,0,0,0,0,0,234,0,0,0,0,31,25,0,0,234,0,0,0,0,23.0,austin hooper0
Johnny Mundt,MIN,TE,17,0,0,0,0,0,172,0,0,1,1,0,0,0,0,0,172,0,0,1,1,23,17,0,0,172,0,0,1,1,23.0,johnny mundt0
Cedric Tillman,CLE,WR,14,0,0,1,0,8,224,0,0,0,0,0,0,1,0,8,224,0,0,0,0,44,21,0,8,224,0,0,0,0,23.0,cedric tillman0
Parker Washington,JAX,WR,9,0,0,0,0,0,132,0,0,2,2,0,0,0,0,0,132,0,0,2,2,21,16,0,0,132,0,0,2,2,23.0,parker washington0
Ameer Abdullah,LVR,RB,17,0,0,15,0,89,131,0,0,0,0,0,0,15,0,89,131,0,0,0,0,24,19,0,89,131,0,0,0,0,22.0,ameer abdullah0
Tank Bigsby,JAX,RB,17,0,0,50,0,132,6,0,2,0,2,0,0,50,0,132,6,0,2,0,2,4,1,0,132,6,0,2,0,2,22.0,tank bigsby0
Elijah Higgins,ARI,TE,11,0,0,0,0,0,163,0,0,1,1,0,0,0,0,0,163,0,0,1,1,19,14,0,0,163,0,0,1,1,22.0,elijah higgins0
Jalen Reagor,NWE,WR,11,0,0,1,0,17,138,0,0,0,1,0,0,1,0,17,138,0,0,0,1,23,7,0,17,138,0,0,0,1,22.0,jalen reagor0
Stone Smartt,LAC,TE,16,0,0,0,0,0,155,0,0,1,1,0,0,0,0,0,155,0,0,1,1,21,11,0,0,155,0,0,1,1,22.0,stone smartt0
Dorian Thompson-Robinson,CLE,QB,8,60,112,14,440,65,0,1,0,0,0,4,112,14,440,65,0,1,0,0,0,0,0,440,65,0,1,0,0,0,22.0,dorian thompson-robinson0
C.J. Beathard,JAX,QB,7,40,53,8,349,35,0,1,0,0,0,0,53,8,349,35,0,1,0,0,0,0,0,349,35,0,1,0,0,0,21.0,c.j. beathard0
Derius Davis,LAC,WR,17,0,0,14,0,101,66,0,0,0,1,0,0,14,0,101,66,0,0,0,1,17,15,0,101,66,0,0,0,1,21.0,derius davis0
Van Jefferson,2TM,WR,17,0,0,1,0,4,209,0,0,0,0,0,0,1,0,4,209,0,0,0,0,43,20,0,4,209,0,0,0,0,21.0,van jefferson0
Will Mallory,IND,TE,12,0,0,0,0,0,207,0,0,0,0,0,0,0,0,0,207,0,0,0,0,26,18,0,0,207,0,0,0,0,21.0,will mallory0
Jamison Crowder,WAS,WR,17,0,0,0,0,0,159,0,0,1,1,0,0,0,0,0,159,0,0,1,1,20,16,0,0,159,0,0,1,1,20.0,jamison crowder0
P.J. Walker,CLE,QB,6,54,111,13,674,30,0,1,0,0,0,5,111,13,674,30,0,1,0,0,0,0,0,674,30,0,1,0,0,0,20.0,p.j. walker0
Quez Watkins,PHI,WR,9,0,0,0,0,0,142,0,0,1,1,0,0,0,0,0,142,0,0,1,1,21,15,0,0,142,0,0,1,1,20.0,quez watkins0
Robbie Chosen,MIA,WR,9,0,0,0,0,0,126,0,0,1,1,0,0,0,0,0,126,0,0,1,1,6,4,0,0,126,0,0,1,1,19.0,robbie chosen0
Nick Chubb,CLE,RB,2,0,0,28,0,170,21,0,0,0,0,0,0,28,0,170,21,0,0,0,0,4,4,0,170,21,0,0,0,0,19.0,nick chubb0
Malik Heath,GNB,WR,13,0,0,0,0,0,125,0,0,1,1,0,0,0,0,0,125,0,0,1,1,24,15,0,0,125,0,0,1,1,19.0,malik heath0
Luke Schoonmaker,DAL,TE,17,0,0,0,0,0,65,0,0,2,2,0,0,0,0,0,65,0,0,2,2,15,8,0,0,65,0,0,2,2,19.0,luke schoonmaker0
Tyler Scott,CHI,WR,17,0,0,7,0,41,168,0,0,0,0,0,0,7,0,41,168,0,0,0,0,32,17,0,41,168,0,0,0,0,19.0,tyler scott0
Patrick Taylor,GNB,RB,11,0,0,32,0,141,49,0,0,0,0,0,0,32,0,141,49,0,0,0,0,17,11,0,141,49,0,0,0,0,19.0,patrick taylor0
River Cracraft,MIA,WR,10,0,0,0,0,0,121,0,0,1,1,0,0,0,0,0,121,0,0,1,1,12,9,0,0,121,0,0,1,1,18.0,river cracraft0
Kevin Harris,NWE,RB,4,0,0,16,0,65,58,0,1,0,1,0,0,16,0,65,58,0,1,0,1,3,3,0,65,58,0,1,0,1,18.0,kevin harris0
Davis Mills,HOU,QB,6,18,39,2,173,9,0,2,0,0,0,0,39,2,173,9,0,2,0,0,0,0,0,173,9,0,2,0,0,0,18.0,davis mills0
Deven Thompkins,TAM,WR,17,0,0,8,0,56,83,0,0,1,1,0,0,8,0,56,83,0,0,1,1,25,17,0,56,83,0,0,1,1,18.0,deven thompkins0
Melvin Gordon,BAL,RB,4,0,0,26,0,81,46,0,1,0,1,0,0,26,0,81,46,0,1,0,1,3,3,0,81,46,0,1,0,1,17.0,melvin gordon0
Damien Harris,BUF,RB,6,0,0,23,0,94,16,0,1,0,1,0,0,23,0,94,16,0,1,0,1,2,2,0,94,16,0,1,0,1,17.0,damien harris0
Connor Heyward,PIT,TE,17,0,1,1,0,0,167,0,0,0,0,0,1,1,0,0,167,0,0,0,0,34,23,0,0,167,0,0,0,0,17.0,connor heyward0
Ray-Ray McCloud,SFO,WR,12,0,0,3,0,30,135,0,0,0,0,0,0,3,0,30,135,0,0,0,0,15,12,0,30,135,0,0,0,0,17.0,ray-ray mccloud0
MyCole Pruitt,ATL,TE,17,0,0,0,0,0,110,0,0,1,1,0,0,0,0,0,110,0,0,1,1,12,9,0,0,110,0,0,1,1,17.0,mycole pruitt0
Trey Sermon,IND,RB,14,0,0,35,0,160,13,0,0,0,0,0,0,35,0,160,13,0,0,0,0,6,3,0,160,13,0,0,0,0,17.0,trey sermon0
Davis Allen,LAR,TE,15,0,0,0,0,0,95,0,0,1,1,0,0,0,0,0,95,0,0,1,1,11,10,0,0,95,0,0,1,1,16.0,davis allen0
Luke Farrell,JAX,TE,17,0,0,0,0,0,155,0,0,0,0,0,0,0,0,0,155,0,0,0,0,15,13,0,0,155,0,0,0,0,16.0,luke farrell0
Lucas Krull,DEN,TE,7,0,0,0,0,0,95,0,0,1,1,0,0,0,0,0,95,0,0,1,1,14,8,0,0,95,0,0,1,1,16.0,lucas krull0
John Metchie,HOU,WR,16,0,0,1,0,4,158,0,0,0,0,0,0,1,0,4,158,0,0,0,0,30,16,0,4,158,0,0,0,0,16.0,john metchie0
Donovan Peoples-Jones,2TM,WR,15,0,0,0,0,0,155,0,0,0,0,0,0,0,0,0,155,0,0,0,0,25,13,0,0,155,0,0,0,0,16.0,donovan peoples-jones0
Kyle Philips,TEN,WR,9,0,0,0,0,0,181,0,0,0,0,0,0,0,0,0,181,0,0,0,0,22,15,0,0,181,0,0,0,0,16.0,kyle philips0
Irv Smith Jr.,CIN,TE,12,0,0,0,0,0,115,0,0,1,1,0,0,0,0,0,115,0,0,1,1,26,18,0,0,115,0,0,1,1,16.0,irv smith jr.0
John Bates,WAS,TE,17,0,0,0,0,0,151,0,0,0,0,0,0,0,0,0,151,0,0,0,0,28,19,0,0,151,0,0,0,0,15.0,john bates0
Jalen Guyton,LAC,WR,8,0,0,0,0,0,89,0,0,1,1,0,0,0,0,0,89,0,0,1,1,21,10,0,0,89,0,0,1,1,15.0,jalen guyton0
Charlie Kolar,BAL,TE,15,0,0,0,0,0,87,0,0,1,1,0,0,0,0,0,87,0,0,1,1,9,7,0,0,87,0,0,1,1,15.0,charlie kolar0
David Moore,TAM,WR,7,0,0,0,0,0,94,0,0,1,1,0,0,0,0,0,94,0,0,1,1,7,5,0,0,94,0,0,1,1,15.0,david moore0
Ronnie Rivers,LAR,RB,9,0,0,32,0,129,22,0,0,0,0,0,0,32,0,129,22,0,0,0,0,5,5,0,129,22,0,0,0,0,15.0,ronnie rivers0
Jeremy Ruckert,NYJ,TE,15,0,0,0,0,0,151,0,0,0,0,0,0,0,0,0,151,0,0,0,0,22,16,0,0,151,0,0,0,0,15.0,jeremy ruckert0
Trent Sherfield,BUF,WR,17,0,0,0,0,0,86,0,0,1,1,0,0,0,0,0,86,0,0,1,1,22,11,0,0,86,0,0,1,1,15.0,trent sherfield0
Josh Whyle,TEN,TE,11,0,0,0,0,0,94,0,0,1,1,0,0,0,0,0,94,0,0,1,1,15,9,0,0,94,0,0,1,1,15.0,josh whyle0
Brock Wright,DET,TE,14,0,0,0,0,0,91,0,0,1,1,0,0,0,0,0,91,0,0,1,1,14,13,0,0,91,0,0,1,1,15.0,brock wright0
Chase Claypool,2TM,WR,12,0,0,0,0,0,77,0,0,1,1,0,0,0,0,0,77,0,0,1,1,21,8,0,0,77,0,0,1,1,14.0,chase claypool0
Jeff Driskel,CLE,QB,1,13,26,7,166,33,0,2,0,0,0,2,26,7,166,33,0,2,0,0,0,0,0,166,33,0,2,0,0,0,14.0,jeff driskel0
Xavier Hutchinson,HOU,WR,16,0,0,5,0,49,90,0,0,0,0,0,0,5,0,49,90,0,0,0,0,19,8,0,49,90,0,0,0,0,14.0,xavier hutchinson0
Charlie Jones,CIN,WR,11,0,0,2,0,13,64,0,0,0,1,0,0,2,0,13,64,0,0,0,1,9,7,0,13,64,0,0,0,1,14.0,charlie jones0
Terrace Marshall Jr.,CAR,WR,9,0,0,0,0,0,139,0,0,0,0,0,0,0,0,0,139,0,0,0,0,33,19,0,0,139,0,0,0,0,14.0,terrace marshall jr.0
Byron Pringle,WAS,WR,17,0,0,0,0,0,161,0,0,0,0,0,0,0,0,0,161,0,0,0,0,22,14,0,0,161,0,0,0,0,14.0,byron pringle0
Ben Skowronek,LAR,WR,17,0,0,2,0,9,66,0,0,1,1,0,0,2,0,9,66,0,0,1,1,12,8,0,9,66,0,0,1,1,14.0,ben skowronek0
Tyquan Thornton,NWE,WR,9,0,0,3,0,51,91,0,0,0,0,0,0,3,0,51,91,0,0,0,0,23,13,0,51,91,0,0,0,0,14.0,tyquan thornton0
Jordan Akins,CLE,TE,17,0,0,0,0,0,132,0,0,0,0,0,0,0,0,0,132,0,0,0,0,23,15,0,0,132,0,0,0,0,13.0,jordan akins0
Isaiah Spiller,LAC,RB,9,0,0,37,0,96,34,0,0,0,0,0,0,37,0,96,34,0,0,0,0,6,6,0,96,34,0,0,0,0,13.0,isaiah spiller0
Stephen Sullivan,CAR,TE,11,0,0,0,0,0,125,0,0,0,0,0,0,0,0,0,125,0,0,0,0,24,12,0,0,125,0,0,0,0,13.0,stephen sullivan0
Lynn Bowden Jr.,NOR,WR,15,0,0,5,0,32,83,0,0,0,0,0,0,5,0,32,83,0,0,0,0,16,11,0,32,83,0,0,0,0,12.0,lynn bowden jr.0
Jason Brownlee,NYJ,WR,7,0,0,0,0,0,56,0,0,1,1,0,0,0,0,0,56,0,0,1,1,8,5,0,0,56,0,0,1,1,12.0,jason brownlee0
Randall Cobb,NYJ,WR,11,0,0,0,0,0,39,0,0,1,1,0,0,0,0,0,39,0,0,1,1,17,5,0,0,39,0,0,1,1,12.0,randall cobb0
Tyler Goodson,IND,RB,6,0,0,13,0,87,34,0,0,0,0,0,0,13,0,87,34,0,0,0,0,9,6,0,87,34,0,0,0,0,12.0,tyler goodson0
Alec Ingold*,MIA,FB,17,0,0,2,0,0,119,0,0,0,0,0,0,2,0,0,119,0,0,0,0,16,13,0,0,119,0,0,0,0,12.0,alec ingold0
Marcus Mariota,PHI,QB,3,15,23,8,164,52,0,1,0,0,0,1,23,8,164,52,0,1,0,0,0,0,0,164,52,0,1,0,0,0,12.0,marcus mariota0
D.J. Montgomery,IND,WR,7,0,0,0,0,0,56,0,0,1,1,0,0,0,0,0,56,0,0,1,1,8,3,0,0,56,0,0,1,1,12.0,d.j. montgomery0
Boston Scott,PHI,RB,15,0,0,20,0,86,52,0,0,0,0,0,0,20,0,86,52,0,0,0,0,6,4,0,86,52,0,0,0,0,12.0,boston scott0
Laviska Shenault Jr.,CAR,WR,8,0,0,12,0,55,60,0,0,0,0,0,0,12,0,55,60,0,0,0,0,10,10,0,55,60,0,0,0,0,12.0,laviska shenault jr.0
Cole Turner,WAS,TE,12,0,0,0,0,0,120,0,0,0,0,0,0,0,0,0,120,0,0,0,0,15,11,0,0,120,0,0,0,0,12.0,cole turner0
C.J. Uzomah,NYJ,TE,12,0,0,0,0,0,58,0,0,1,1,0,0,0,0,0,58,0,0,1,1,12,8,0,0,58,0,0,1,1,12.0,c.j. uzomah0
Jameis Winston,NOR,QB,7,25,47,5,264,-6,0,2,0,0,0,3,47,5,264,-6,0,2,0,0,0,0,0,264,-6,0,2,0,0,0,12.0,jameis winston0
Raheem Blackshear,CAR,RB,12,0,0,14,0,46,45,0,0,0,0,0,0,14,0,46,45,0,0,0,0,7,6,0,46,45,0,0,0,0,11.0,raheem blackshear0
Brandon Bolden,LVR,RB,17,0,0,4,0,31,0,0,1,0,1,0,0,4,0,31,0,0,1,0,1,0,0,0,31,0,0,1,0,1,11.0,brandon bolden0
Tim Boyle,NYJ,QB,3,48,77,4,360,5,0,1,0,0,0,4,77,4,360,5,0,1,0,0,0,0,0,360,5,0,1,0,0,0,11.0,tim boyle0
Chris Brooks,MIA,RB,9,0,0,19,0,106,0,0,0,0,0,0,0,19,0,106,0,0,0,0,0,0,0,0,106,0,0,0,0,0,11.0,chris brooks0
Mecole Hardman,2TM,WR,11,0,0,1,0,3,124,0,0,0,0,0,0,1,0,3,124,0,0,0,0,24,15,0,3,124,0,0,0,0,11.0,mecole hardman0
La'Mical Perine,KAN,RB,3,0,0,22,0,77,33,0,0,0,0,0,0,22,0,77,33,0,0,0,0,5,3,0,77,33,0,0,0,0,11.0,la'mical perine0
Patrick Ricard,BAL,FB,17,0,0,0,0,0,52,0,0,1,1,0,0,0,0,0,52,0,0,1,1,7,5,0,0,52,0,0,1,1,11.0,patrick ricard0
Robert Tonyan,CHI,TE,17,0,0,0,0,0,112,0,0,0,0,0,0,0,0,0,112,0,0,0,0,17,11,0,0,112,0,0,0,0,11.0,robert tonyan0
Emanuel Wilson,GNB,RB,7,0,0,14,0,85,23,0,0,0,0,0,0,14,0,85,23,0,0,0,0,5,4,0,85,23,0,0,0,0,11.0,emanuel wilson0
Lawrence Cager,NYG,TE,11,0,0,0,0,0,36,0,0,1,1,0,0,0,0,0,36,0,0,1,1,5,4,0,0,36,0,0,1,1,10.0,lawrence cager0
Parris Campbell,NYG,WR,12,0,0,0,0,0,104,0,0,0,0,0,0,0,0,0,104,0,0,0,0,27,20,0,0,104,0,0,0,0,10.0,parris campbell0
J.K. Dobbins,BAL,RB,1,0,0,8,0,22,15,0,1,0,1,0,0,8,0,22,15,0,1,0,1,3,2,0,22,15,0,1,0,1,10.0,j.k. dobbins0
Marquise Goodwin,CLE,WR,12,0,0,4,0,33,67,0,0,0,0,0,0,4,0,33,67,0,0,0,0,13,4,0,33,67,0,0,0,0,10.0,marquise goodwin0
Keaontay Ingram,ARI,RB,8,0,0,35,0,74,26,0,0,0,0,0,0,35,0,74,26,0,0,0,0,4,4,0,74,26,0,0,0,0,10.0,keaontay ingram0
Case Keenum,HOU,QB,2,34,53,2,291,1,0,1,0,0,0,3,53,2,291,1,0,1,0,0,0,0,0,291,1,0,1,0,0,0,10.0,case keenum0
Keith Kirkwood,NOR,WR,13,0,0,0,0,0,37,0,0,1,1,0,0,0,0,0,37,0,0,1,1,9,5,0,0,37,0,0,1,1,10.0,keith kirkwood0
Hunter Luepke,DAL,RB,17,0,0,6,0,19,18,0,1,0,1,0,0,6,0,19,18,0,1,0,1,4,3,0,19,18,0,1,0,1,10.0,hunter luepke0
Sterling Shepard,NYG,WR,15,0,0,1,0,6,57,0,0,1,1,0,0,1,0,6,57,0,0,1,1,22,10,0,6,57,0,0,1,1,10.0,sterling shepard0
Brenton Strange,JAX,TE,14,0,0,0,0,0,35,0,0,1,1,0,0,0,0,0,35,0,0,1,1,9,5,0,0,35,0,0,1,1,10.0,brenton strange0
Israel Abanikanda,NYJ,RB,6,0,0,22,0,70,43,0,0,0,0,0,0,22,0,70,43,0,0,0,0,11,7,0,70,43,0,0,0,0,9.0,israel abanikanda0
Nick Bawden,NYJ,FB,16,0,0,2,0,4,21,0,1,0,1,0,0,2,0,4,21,0,1,0,1,3,3,0,4,21,0,1,0,1,9.0,nick bawden0
Richie James,KAN,WR,9,0,0,0,0,0,114,0,0,0,0,0,0,0,0,0,114,0,0,0,0,14,10,0,0,114,0,0,0,0,9.0,richie james0
Marcedes Lewis,CHI,TE,17,0,0,0,0,0,29,0,0,1,1,0,0,0,0,0,29,0,0,1,1,5,4,0,0,29,0,0,1,1,9.0,marcedes lewis0
Quintin Morris,BUF,TE,15,0,0,0,0,0,26,0,0,1,1,0,0,0,0,0,26,0,0,1,1,3,2,0,0,26,0,0,1,1,9.0,quintin morris0
Geoff Swaim,ARI,TE,14,0,0,0,0,0,94,0,0,0,0,0,0,0,0,0,94,0,0,0,0,11,10,0,0,94,0,0,0,0,9.0,geoff swaim0
Brycen Hopkins,LAR,TE,15,0,0,0,0,0,78,0,0,0,0,0,0,0,0,0,78,0,0,0,0,7,5,0,0,78,0,0,0,0,8.0,brycen hopkins0
Tim Jones,JAX,WR,17,0,0,0,0,0,83,0,0,0,0,0,0,0,0,0,83,0,0,0,0,18,11,0,0,83,0,0,0,0,8.0,tim jones0
Dare Ogunbowale,HOU,RB,12,0,0,8,0,35,18,0,0,0,0,0,0,8,0,35,18,0,0,0,0,7,2,0,35,18,0,0,0,0,8.0,dare ogunbowale0
Ben Sims,GNB,TE,17,0,0,0,0,0,21,0,0,1,1,0,0,0,0,0,21,0,0,1,1,6,4,0,0,21,0,0,1,1,8.0,ben sims0
Samori Toure,GNB,WR,11,0,0,0,0,0,78,0,0,0,0,0,0,0,0,0,78,0,0,0,0,18,8,0,0,78,0,0,0,0,8.0,samori toure0
Deuce Vaughn,DAL,RB,7,0,0,23,0,40,40,0,0,0,0,0,0,23,0,40,40,0,0,0,0,7,7,0,40,40,0,0,0,0,8.0,deuce vaughn0
Trayveon Williams,CIN,RB,17,0,0,15,0,69,10,0,0,0,0,0,0,15,0,69,10,0,0,0,0,9,7,0,69,10,0,0,0,0,8.0,trayveon williams0
Blake Bell,KAN,TE,17,0,0,0,0,0,26,0,0,1,1,0,0,0,0,0,26,0,0,1,1,9,5,0,0,26,0,0,1,1,7.0,blake bell0
Gary Brightwell,NYG,RB,7,0,0,9,0,19,47,0,0,0,0,0,0,9,0,19,47,0,0,0,0,7,5,0,19,47,0,0,0,0,7.0,gary brightwell0
Chris Conley,SFO,WR,8,0,0,0,0,0,69,0,0,0,0,0,0,0,0,0,69,0,0,0,0,6,3,0,0,69,0,0,0,0,7.0,chris conley0
Josiah Deguara,GNB,TE,15,0,0,0,0,0,65,0,0,0,0,0,0,0,0,0,65,0,0,0,0,8,8,0,0,65,0,0,0,0,7.0,josiah deguara0
Simi Fehoko,LAC,WR,6,0,0,0,0,0,9,0,0,1,1,0,0,0,0,0,9,0,0,1,1,2,1,0,0,9,0,0,1,1,7.0,simi fehoko0
Eric Gray,NYG,RB,13,0,0,17,0,48,22,0,0,0,0,0,0,17,0,48,22,0,0,0,0,7,6,0,48,22,0,0,0,0,7.0,eric gray0
Tyler Johnson,LAR,WR,1,0,0,0,0,0,8,0,0,1,1,0,0,0,0,0,8,0,0,1,1,3,2,0,0,8,0,0,1,1,7.0,tyler johnson0
Velus Jones Jr.,CHI,WR,14,0,0,8,0,51,20,0,0,0,0,0,0,8,0,51,20,0,0,0,0,7,4,0,51,20,0,0,0,0,7.0,velus jones jr.0
Clayton Tune,ARI,QB,7,12,21,8,62,30,0,0,1,0,1,2,21,8,62,30,0,0,1,0,1,0,0,62,30,0,0,1,0,1,7.0,clayton tune0
Tylan Wallace,BAL,WR,11,0,0,0,0,0,11,0,0,0,1,0,0,0,0,0,11,0,0,0,1,2,1,0,0,11,0,0,0,1,7.0,tylan wallace0
Jalen Brooks,DAL,WR,7,0,0,0,0,0,64,0,0,0,0,0,0,0,0,0,64,0,0,0,0,6,6,0,0,64,0,0,0,0,6.0,jalen brooks0
DeAndre Carter,LVR,WR,17,0,0,3,0,18,39,0,0,0,0,0,0,3,0,18,39,0,0,0,0,7,4,0,18,39,0,0,0,0,6.0,deandre carter0
Payne Durham,TAM,TE,13,0,0,0,0,0,58,0,0,0,0,0,0,0,0,0,58,0,0,0,0,7,5,0,0,58,0,0,0,0,6.0,payne durham0
Blaine Gabbert,KAN,QB,2,18,35,7,185,45,0,0,0,0,0,3,35,7,185,45,0,0,0,0,0,0,0,185,45,0,0,0,0,0,6.0,blaine gabbert0
Rakim Jarrett,TAM,WR,10,0,0,1,0,0,60,0,0,0,0,0,0,1,0,0,60,0,0,0,0,9,4,0,0,60,0,0,0,0,6.0,rakim jarrett0
Ko Kieft,TAM,TE,16,0,0,0,0,0,2,0,0,1,1,0,0,0,0,0,2,0,0,1,1,5,1,0,0,2,0,0,1,1,6.0,ko kieft0
Isaiah McKenzie,IND,WR,13,0,0,3,0,14,82,0,0,0,0,0,0,3,0,14,82,0,0,0,0,14,11,0,14,82,0,0,0,0,6.0,isaiah mckenzie0
Equanimeous St. Brown,CHI,WR,7,0,0,0,0,0,62,0,0,0,0,0,0,0,0,0,62,0,0,0,0,6,5,0,0,62,0,0,0,0,6.0,equanimeous st. brown0
Ian Thomas,CAR,TE,12,0,0,0,0,0,56,0,0,0,0,0,0,0,0,0,56,0,0,0,0,9,5,0,0,56,0,0,0,0,6.0,ian thomas0
Darnell Washington,PIT,TE,17,0,0,0,0,0,61,0,0,0,0,0,0,0,0,0,61,0,0,0,0,10,7,0,0,61,0,0,0,0,6.0,darnell washington0
Mitchell Wilcox,CIN,TE,17,0,0,0,0,0,56,0,0,0,0,0,0,0,0,0,56,0,0,0,0,12,9,0,0,56,0,0,0,0,6.0,mitchell wilcox0
Damien Williams,ARI,RB,3,0,0,11,0,43,12,0,0,0,0,0,0,11,0,43,12,0,0,0,0,2,2,0,43,12,0,0,0,0,6.0,damien williams0
Brian Hoyer,LVR,QB,3,23,42,3,231,-3,0,0,0,0,0,2,42,3,231,-3,0,0,0,0,0,0,0,231,-3,0,0,0,0,0,5.0,brian hoyer0
Ty Montgomery,NWE,WR,13,0,0,3,0,9,40,0,0,0,0,0,0,3,0,9,40,0,0,0,0,12,5,0,9,40,0,0,0,0,5.0,ty montgomery0
Justyn Ross,KAN,WR,10,0,0,0,0,0,53,0,0,0,0,0,0,0,0,0,53,0,0,0,0,11,6,0,0,53,0,0,0,0,5.0,justyn ross0
Brett Rypien,LAR,QB,2,18,38,3,172,19,0,0,0,0,0,1,38,3,172,19,0,0,0,0,0,0,0,172,19,0,0,0,0,0,5.0,brett rypien0
Mike Strachan,CAR,WR,4,0,0,0,0,0,45,0,0,0,0,0,0,0,0,0,45,0,0,0,0,3,1,0,0,45,0,0,0,0,5.0,mike strachan0
Michael Burton,DEN,FB,17,0,0,7,0,9,8,0,0,0,0,0,0,7,0,9,8,0,0,0,0,3,3,0,9,8,0,0,0,0,4.0,michael burton0
Grant Calcaterra,PHI,TE,15,0,0,0,0,0,39,0,0,0,0,0,0,0,0,0,39,0,0,0,0,4,4,0,0,39,0,0,0,0,4.0,grant calcaterra0
Elijah Cooks,JAX,WR,9,0,0,0,0,0,38,0,0,0,0,0,0,0,0,0,38,0,0,0,0,4,3,0,0,38,0,0,0,0,4.0,elijah cooks0
Britain Covey,PHI,WR,16,0,0,0,0,0,42,0,0,0,0,0,0,0,0,0,42,0,0,0,0,6,4,0,0,42,0,0,0,0,4.0,britain covey0
Leonard Fournette,BUF,RB,2,0,0,12,0,40,0,0,0,0,0,0,0,12,0,40,0,0,0,0,0,0,0,0,40,0,0,0,0,0,4.0,leonard fournette0
Peyton Hendershot,DAL,TE,8,0,0,1,0,0,38,0,0,0,0,0,0,1,0,0,38,0,0,0,0,7,4,0,0,38,0,0,0,0,4.0,peyton hendershot0
Rashaad Penny,PHI,RB,3,0,0,11,0,33,5,0,0,0,0,0,0,11,0,33,5,0,0,0,0,1,1,0,33,5,0,0,0,0,4.0,rashaad penny0
Jack Stoll,PHI,TE,17,0,0,0,0,0,38,0,0,0,0,0,0,0,0,0,38,0,0,0,0,8,5,0,0,38,0,0,0,0,4.0,jack stoll0
Ke'Shawn Vaughn,TAM,RB,6,0,0,24,0,42,2,0,0,0,0,0,0,24,0,42,2,0,0,0,0,5,2,0,42,2,0,0,0,0,4.0,ke'shawn vaughn0
Khari Blasingame,CHI,FB,16,0,0,8,0,26,2,0,0,0,0,0,0,8,0,26,2,0,0,0,0,6,3,0,26,2,0,0,0,0,3.0,khari blasingame0
Keelan Doss,LAC,WR,5,0,0,0,0,0,33,0,0,0,0,0,0,0,0,0,33,0,0,0,0,13,6,0,0,33,0,0,0,0,3.0,keelan doss0
Greg Dulcich,DEN,TE,2,0,0,0,0,0,25,0,0,0,0,0,0,0,0,0,25,0,0,0,0,4,3,0,0,25,0,0,0,0,3.0,greg dulcich0
Devin Duvernay,BAL,WR,13,0,0,4,0,15,18,0,0,0,0,0,0,4,0,15,18,0,0,0,0,9,4,0,15,18,0,0,0,0,3.0,devin duvernay0
Derrick Gore,WAS,RB,6,0,0,3,0,26,0,0,0,0,0,0,0,3,0,26,0,0,0,0,0,0,0,0,26,0,0,0,0,0,3.0,derrick gore0
C.J. Ham*,MIN,FB,17,0,0,1,0,7,25,0,0,0,0,0,0,1,0,7,25,0,0,0,0,9,7,0,7,25,0,0,0,0,3.0,c.j. ham0
Julian Hill,MIA,TE,15,0,0,0,0,0,48,0,0,0,0,0,0,0,0,0,48,0,0,0,0,9,6,0,0,48,0,0,0,0,3.0,julian hill0
Trishton Jackson,MIN,WR,7,0,0,0,0,0,9,0,0,0,0,0,0,0,0,0,9,0,0,0,0,4,2,0,0,9,0,0,0,0,3.0,trishton jackson0
James Mitchell,DET,TE,15,0,0,0,0,0,28,0,0,0,0,0,0,0,0,0,28,0,0,0,0,2,2,0,0,28,0,0,0,0,3.0,james mitchell0
Jalen Nailor,MIN,WR,6,0,0,0,0,0,29,0,0,0,0,0,0,0,0,0,29,0,0,0,0,6,3,0,0,29,0,0,0,0,3.0,jalen nailor0
Teagan Quitoriano,HOU,TE,7,0,0,0,0,0,33,0,0,0,0,0,0,0,0,0,33,0,0,0,0,3,2,0,0,33,0,0,0,0,3.0,teagan quitoriano0
Cooper Rush,DAL,QB,7,18,24,12,144,-5,0,0,0,0,0,1,24,12,144,-5,0,0,0,0,0,0,0,144,-5,0,0,0,0,0,3.0,cooper rush0
Steven Sims,HOU,WR,3,0,0,1,0,1,25,0,0,0,0,0,0,1,0,1,25,0,0,0,0,3,3,0,1,25,0,0,0,0,3.0,steven sims0
Keith Smith,ATL,FB,13,0,0,0,0,0,33,0,0,0,0,0,0,0,0,0,33,0,0,0,0,3,3,0,0,33,0,0,0,0,3.0,keith smith0
Sean Tucker,TAM,RB,11,0,0,15,0,23,9,0,0,0,0,0,0,15,0,23,9,0,0,0,0,2,2,0,23,9,0,0,0,0,3.0,sean tucker0
Malik Willis,TEN,QB,3,4,5,5,74,21,0,0,0,0,0,0,5,5,74,21,0,0,0,0,0,0,0,74,21,0,0,0,0,0,3.0,malik willis0
Charlie Woerner,SFO,TE,17,0,0,0,0,0,32,0,0,0,0,0,0,0,0,0,32,0,0,0,0,3,3,0,0,32,0,0,0,0,3.0,charlie woerner0
Kenny Yeboah,NYJ,TE,5,0,0,0,0,0,28,0,0,0,0,0,0,0,0,0,28,0,0,0,0,4,2,0,0,28,0,0,0,0,3.0,kenny yeboah0
Nate Adkins,DEN,TE,10,0,0,0,0,0,22,0,0,0,0,0,0,0,0,0,22,0,0,0,0,5,4,0,0,22,0,0,0,0,2.0,nate adkins0
Kayshon Boutte,NWE,WR,5,0,0,0,0,0,19,0,0,0,0,0,0,0,0,0,19,0,0,0,0,7,2,0,0,19,0,0,0,0,2.0,kayshon boutte0
Miles Boykin,PIT,WR,17,0,0,0,0,0,17,0,0,0,0,0,0,0,0,0,17,0,0,0,0,4,3,0,0,17,0,0,0,0,2.0,miles boykin0
DeeJay Dallas,SEA,RB,17,0,0,10,0,36,26,0,0,0,0,0,0,10,0,36,26,0,0,0,0,9,6,0,36,26,0,0,0,0,2.0,deejay dallas0
Tyrion Davis-Price,SFO,RB,1,0,0,6,0,21,0,0,0,0,0,0,0,6,0,21,0,0,0,0,0,0,0,0,21,0,0,0,0,0,2.0,tyrion davis-price0
Elijah Dotson,LAC,RB,4,0,0,4,0,6,13,0,0,0,0,0,0,4,0,6,13,0,0,0,0,2,2,0,6,13,0,0,0,0,2.0,elijah dotson0
Zach Evans,LAR,RB,10,0,0,9,0,19,0,0,0,0,0,0,0,9,0,19,0,0,0,0,0,0,0,0,19,0,0,0,0,0,2.0,zach evans0
Erik Ezukanma,MIA,WR,2,0,0,5,0,22,0,0,0,0,0,0,0,5,0,22,0,0,0,0,0,1,0,0,22,0,0,0,0,0,2.0,erik ezukanma0
Jake Funk,IND,RB,4,0,0,2,0,10,12,0,0,0,0,0,0,2,0,10,12,0,0,0,0,1,1,0,10,12,0,0,0,0,2.0,jake funk0
Jaren Hall,MIN,QB,3,13,20,6,168,14,0,0,0,0,0,1,20,6,168,14,0,0,0,0,0,0,0,168,14,0,0,0,0,0,2.0,jaren hall0
Marvin Jones,DET,WR,6,0,0,0,0,0,35,0,0,0,0,0,0,0,0,0,35,0,0,0,0,10,5,0,0,35,0,0,0,0,2.0,marvin jones0
Zonovan Knight,DET,RB,2,0,0,3,0,13,8,0,0,0,0,0,0,3,0,13,8,0,0,0,0,1,1,0,13,8,0,0,0,0,2.0,zonovan knight0
Chris Manhertz,DEN,TE,16,0,0,0,0,0,16,0,0,0,0,0,0,0,0,0,16,0,0,0,0,4,2,0,0,16,0,0,0,0,2.0,chris manhertz0
Nick Muse,MIN,TE,2,0,0,0,0,0,22,0,0,0,0,0,0,0,0,0,22,0,0,0,0,1,1,0,0,22,0,0,0,0,2.0,nick muse0
Gunner Olszewski,2TM,WR,12,0,0,0,0,0,0,0,0,0,1,0,0,0,0,0,0,0,0,0,1,1,1,0,0,0,0,0,0,1,2.0,gunner olszewski0
Zach Pascal,ARI,WR,14,0,0,0,0,0,19,0,0,0,0,0,0,0,0,0,19,0,0,0,0,15,4,0,0,19,0,0,0,0,2.0,zach pascal0
Laquon Treadwell,BAL,WR,5,0,0,0,0,0,16,0,0,0,0,0,0,0,0,0,16,0,0,0,0,3,1,0,0,16,0,0,0,0,2.0,laquon treadwell0
Trevon Wesco,TEN,TE,15,0,0,0,0,0,21,0,0,0,0,0,0,0,0,0,21,0,0,0,0,3,1,0,0,21,0,0,0,0,2.0,trevon wesco0
Mike White,MIA,QB,6,5,6,8,74,-9,0,1,0,0,0,1,6,8,74,-9,0,1,0,0,0,0,0,74,-9,0,1,0,0,0,2.0,mike white0
Alex Armah,WAS,RB,8,0,0,0,0,0,13,0,0,0,0,0,0,0,0,0,13,0,0,0,0,3,3,0,0,13,0,0,0,0,1.0,alex armah0
Sean Clifford,GNB,QB,2,1,1,3,37,-2,0,0,0,0,0,0,1,3,37,-2,0,0,0,0,0,0,0,37,-2,0,0,0,0,0,1.0,sean clifford0
Jashaun Corbin,NYG,RB,6,0,0,1,0,1,12,0,0,0,0,0,0,1,0,1,12,0,0,0,0,3,3,0,1,12,0,0,0,0,1.0,jashaun corbin0
Kenyan Drake,2TM,RB,3,0,0,2,0,0,31,0,0,0,0,0,0,2,0,0,31,0,0,0,0,3,2,0,0,31,0,0,0,0,1.0,kenyan drake0
Ross Dwelley,SFO,TE,12,0,0,0,0,0,12,0,0,0,0,0,0,0,0,0,12,0,0,0,0,2,1,0,0,12,0,0,0,0,1.0,ross dwelley0
D'Wayne Eskridge,SEA,WR,4,0,0,2,0,5,0,0,0,0,0,0,0,2,0,5,0,0,0,0,0,1,0,0,5,0,0,0,0,0,1.0,d'wayne eskridge0
Chris Evans,CIN,RB,8,0,0,2,0,12,-1,0,0,0,0,0,0,2,0,12,-1,0,0,0,0,1,1,0,12,-1,0,0,0,0,1.0,chris evans0
Tucker Fisk,ATL,TE,6,0,0,0,0,0,9,0,0,0,0,0,0,0,0,0,9,0,0,0,0,1,1,0,0,9,0,0,0,0,1.0,tucker fisk0
John FitzPatrick,ATL,TE,9,0,0,0,0,0,12,0,0,0,0,0,0,0,0,0,12,0,0,0,0,1,1,0,0,12,0,0,0,0,1.0,john fitzpatrick0
Cole Fotheringham,LVR,TE,2,0,0,0,0,0,6,0,0,0,0,0,0,0,0,0,6,0,0,0,0,1,1,0,0,6,0,0,0,0,1.0,cole fotheringham0
Evan Hull,IND,RB,1,0,0,1,0,1,6,0,0,0,0,0,0,1,0,1,6,0,0,0,0,1,1,0,1,6,0,0,0,0,1.0,evan hull0
Collin Johnson,CHI,WR,3,0,0,0,0,0,11,0,0,0,0,0,0,0,0,0,11,0,0,0,0,1,1,0,0,11,0,0,0,0,1.0,collin johnson0
Jakob Johnson,LVR,FB,13,0,0,0,0,0,12,0,0,0,0,0,0,0,0,0,12,0,0,0,0,2,1,0,0,12,0,0,0,0,1.0,jakob johnson0
Mason Kinsey,TEN,WR,6,0,0,0,0,0,6,0,0,0,0,0,0,0,0,0,6,0,0,0,0,1,1,0,0,6,0,0,0,0,1.0,mason kinsey0
A.J. McCarron,CIN,QB,2,4,5,0,19,0,0,0,0,0,0,0,5,0,19,0,0,0,0,0,0,0,0,19,0,0,0,0,0,0,1.0,a.j. mccarron0
Anthony McFarland Jr.,PIT,RB,3,0,0,0,0,0,11,0,0,0,0,0,0,0,0,0,11,0,0,0,0,2,2,0,0,11,0,0,0,0,1.0,anthony mcfarland jr.0
Kene Nwangwu,MIN,RB,9,0,0,5,0,13,0,0,0,0,0,0,0,5,0,13,0,0,0,0,0,0,0,0,13,0,0,0,0,0,1.0,kene nwangwu0
Devine Ozigbo,DET,RB,3,0,0,3,0,5,8,0,0,0,0,0,0,3,0,5,8,0,0,0,0,1,1,0,5,8,0,0,0,0,1.0,devine ozigbo0
Kevin Rader,TEN,TE,14,0,0,0,0,0,6,0,0,0,0,0,0,0,0,0,6,0,0,0,0,3,1,0,0,6,0,0,0,0,1.0,kevin rader0
Eric Saubert,2TM,TE,10,0,0,0,0,0,12,0,0,0,0,0,0,0,0,0,12,0,0,0,0,3,3,0,0,12,0,0,0,0,1.0,eric saubert0
Willie Snead,SFO,WR,4,0,0,0,0,0,14,0,0,0,0,0,0,0,0,0,14,0,0,0,0,3,2,0,0,14,0,0,0,0,1.0,willie snead0
Malik Taylor,NYJ,WR,3,0,0,0,0,0,13,0,0,0,0,0,0,0,0,0,13,0,0,0,0,4,2,0,0,13,0,0,0,0,1.0,malik taylor0
Cody Thompson,SEA,WR,7,0,0,0,0,0,10,0,0,0,0,0,0,0,0,0,10,0,0,0,0,1,1,0,0,10,0,0,0,0,1.0,cody thompson0
Austin Trammell,LAR,WR,16,0,0,0,0,0,29,0,0,0,0,0,0,0,0,0,29,0,0,0,0,7,4,0,0,29,0,0,0,0,1.0,austin trammell0
Jonathan Ward,TEN,RB,7,0,0,3,0,11,0,0,0,0,0,0,0,3,0,11,0,0,0,0,0,0,0,0,11,0,0,0,0,0,1.0,jonathan ward0
Devon Allen,PHI,WR,2,0,0,0,0,0,0,0,0,0,0,0,0,0,0,0,0,0,0,0,0,0,0,0,0,0,0,0,0,0,0.0,devon allen0
Stephen Anderson,LAC,TE,3,0,0,0,0,0,0,0,0,0,0,0,0,0,0,0,0,0,0,0,0,0,0,0,0,0,0,0,0,0,0.0,stephen anderson0
Andre Baccellia,ARI,WR,5,0,0,0,0,0,0,0,0,0,0,0,0,0,0,0,0,0,0,0,0,0,0,0,0,0,0,0,0,0,0.0,andre baccellia0
Michael Bandy,DEN,WR,1,0,0,0,0,0,0,0,0,0,0,0,0,0,0,0,0,0,0,0,0,0,0,0,0,0,0,0,0,0,0.0,michael bandy0
Matt Barkley,JAX,QB,1,0,0,3,0,-3,0,0,0,0,0,0,0,3,0,-3,0,0,0,0,0,0,0,0,-3,0,0,0,0,0,0.0,matt barkley0
Nick Bellore*,SEA,FB,16,0,0,0,0,0,0,0,0,0,0,0,0,0,0,0,0,0,0,0,0,0,0,0,0,0,0,0,0,0,0.0,nick bellore0
Chris Blair,ATL,WR,1,0,0,0,0,0,0,0,0,0,0,0,0,0,0,0,0,0,0,0,0,0,0,0,0,0,0,0,0,0,0.0,chris blair0
Teddy Bridgewater,DET,QB,1,0,0,2,0,-2,0,0,0,0,0,0,0,2,0,-2,0,0,0,0,0,0,0,0,-2,0,0,0,0,0,0.0,teddy bridgewater0
Matt Bushman,KAN,TE,1,0,0,0,0,0,0,0,0,0,0,0,0,0,0,0,0,0,0,0,0,0,0,0,0,0,0,0,0,0,0.0,matt bushman0
Terrell Bynum,LAC,WR,1,0,0,0,0,0,0,0,0,0,0,0,0,0,0,0,0,0,0,0,0,0,0,0,0,0,0,0,0,0,0.0,terrell bynum0
Damiere Byrd,ATL,WR,1,0,0,0,0,0,0,0,0,0,0,0,0,0,0,0,0,0,0,0,0,2,0,0,0,0,0,0,0,0,0.0,damiere byrd0
Jason Cabinda,DET,FB,4,0,0,1,0,0,0,0,0,0,0,0,0,1,0,0,0,0,0,0,0,0,0,0,0,0,0,0,0,0,0.0,jason cabinda0
Marquez Callaway,NOR,WR,3,0,0,0,0,0,0,0,0,0,0,0,0,0,0,0,0,0,0,0,0,0,0,0,0,0,0,0,0,0,0.0,marquez callaway0
Stephen Carlson,CHI,TE,1,0,0,0,0,0,0,0,0,0,0,0,0,0,0,0,0,0,0,0,0,0,0,0,0,0,0,0,0,0,0.0,stephen carlson0
Irvin Charles,NYJ,WR,12,0,0,0,0,0,0,0,0,0,0,0,0,0,0,0,0,0,0,0,0,1,0,0,0,0,0,0,0,0,0.0,irvin charles0
Julius Chestnut,TEN,RB,3,0,0,0,0,0,0,0,0,0,0,0,0,0,0,0,0,0,0,0,0,0,0,0,0,0,0,0,0,0,0.0,julius chestnut0
Dan Chisena,2TM,WR,4,0,0,0,0,0,0,0,0,0,0,0,0,0,0,0,0,0,0,0,0,0,0,0,0,0,0,0,0,0,0.0,dan chisena0
Corey Clement,ARI,RB,3,0,0,0,0,0,0,0,0,0,0,0,0,0,0,0,0,0,0,0,0,0,0,0,0,0,0,0,0,0,0.0,corey clement0
Tanner Conner,MIA,TE,3,0,0,0,0,0,0,0,0,0,0,0,0,0,0,0,0,0,0,0,0,0,0,0,0,0,0,0,0,0,0.0,tanner conner0
Malik Cunningham,2TM,QB,2,0,0,0,0,0,0,0,0,0,0,0,0,0,0,0,0,0,0,0,0,0,0,0,0,0,0,0,0,0,0.0,malik cunningham0
Darrell Daniels,DET,TE,3,0,0,0,0,0,0,0,0,0,0,0,0,0,0,0,0,0,0,0,0,0,0,0,0,0,0,0,0,0,0.0,darrell daniels0
Frank Darby,ATL,WR,1,0,0,0,0,0,0,0,0,0,0,0,0,0,0,0,0,0,0,0,0,0,0,0,0,0,0,0,0,0,0.0,frank darby0
Jaelon Darden,CLE,WR,1,0,0,0,0,0,0,0,0,0,0,0,0,0,0,0,0,0,0,0,0,0,0,0,0,0,0,0,0,0,0.0,jaelon darden0
Malik Davis,DAL,RB,3,0,0,0,0,0,0,0,0,0,0,0,0,0,0,0,0,0,0,0,0,0,0,0,0,0,0,0,0,0,0.0,malik davis0
Phillip Dorsett,DEN,WR,2,0,0,0,0,0,0,0,0,0,0,0,0,0,0,0,0,0,0,0,0,3,0,0,0,0,0,0,0,0,0.0,phillip dorsett0
Colton Dowell,TEN,WR,10,0,0,0,0,0,3,0,0,0,0,0,0,0,0,0,3,0,0,0,0,2,1,0,0,3,0,0,0,0,0.0,colton dowell0
Dylan Drummond,DET,WR,1,0,0,0,0,0,0,0,0,0,0,0,0,0,0,0,0,0,0,0,0,0,0,0,0,0,0,0,0,0,0.0,dylan drummond0
Sam Ehlinger,IND,QB,1,0,0,0,0,0,0,0,0,0,0,0,0,0,0,0,0,0,0,0,0,0,0,0,0,0,0,0,0,0,0.0,sam ehlinger0
Princeton Fant,DAL,TE,2,0,0,0,0,0,0,0,0,0,0,0,0,0,0,0,0,0,0,0,0,0,0,0,0,0,0,0,0,0,0.0,princeton fant0
Ethan Fernea,IND,WR,3,0,0,0,0,0,0,0,0,0,0,0,0,0,0,0,0,0,0,0,0,0,0,0,0,0,0,0,0,0,0.0,ethan fernea0
Anthony Firkser,DET,TE,2,0,0,0,0,0,0,0,0,0,0,0,0,0,0,0,0,0,0,0,0,0,0,0,0,0,0,0,0,0,0.0,anthony firkser0
Dez Fitzpatrick,PIT,WR,1,0,0,0,0,0,0,0,0,0,0,0,0,0,0,0,0,0,0,0,0,0,0,0,0,0,0,0,0,0,0.0,dez fitzpatrick0
Myles Gaskin,2TM,RB,3,0,0,0,0,0,0,0,0,0,0,0,0,0,0,0,0,0,0,0,0,0,0,0,0,0,0,0,0,0,0.0,myles gaskin0
Zach Gentry,LVR,TE,1,0,0,0,0,0,0,0,0,0,0,0,0,0,0,0,0,0,0,0,0,0,0,0,0,0,0,0,0,0,0.0,zach gentry0
Reggie Gilliam,BUF,FB,17,0,0,0,0,0,3,0,0,0,0,0,0,0,0,0,3,0,0,0,0,1,1,0,0,3,0,0,0,0,0.0,reggie gilliam0
Antoine Green,DET,WR,9,0,0,0,0,0,2,0,0,0,0,0,0,0,0,0,2,0,0,0,0,2,1,0,0,2,0,0,0,0,0.0,antoine green0
Jacob Harris,JAX,WR,2,0,0,0,0,0,0,0,0,0,0,0,0,0,0,0,0,0,0,0,0,0,0,0,0,0,0,0,0,0,0.0,jacob harris0
N'Keal Harry,MIN,WR,9,0,0,0,0,0,0,0,0,0,0,0,0,0,0,0,0,0,0,0,0,0,0,0,0,0,0,0,0,0,0.0,n'keal harry0
Jamycal Hasty,2TM,RB,5,0,0,0,0,0,0,0,0,0,0,0,0,0,0,0,0,0,0,0,0,2,0,0,0,0,0,0,0,0,0.0,jamycal hasty0
Parker Hesse,ATL,TE,3,0,0,0,0,0,0,0,0,0,0,0,0,0,0,0,0,0,0,0,0,0,0,0,0,0,0,0,0,0,0.0,parker hesse0
J.P. Holtz,NOR,TE,1,0,0,0,0,0,0,0,0,0,0,0,0,0,0,0,0,0,0,0,0,0,0,0,0,0,0,0,0,0,0.0,j.p. holtz0
Travis Homer,CHI,RB,16,0,0,0,0,0,0,0,0,0,0,0,0,0,0,0,0,0,0,0,0,1,0,0,0,0,0,0,0,0,0.0,travis homer0
Jesper Horsted,LVR,TE,13,0,0,0,0,0,4,0,0,0,0,0,0,0,0,0,4,0,0,0,0,1,1,0,0,4,0,0,0,0,0.0,jesper horsted0
Mohamed Ibrahim,DET,RB,1,0,0,0,0,0,0,0,0,0,0,0,0,0,0,0,0,0,0,0,0,0,0,0,0,0,0,0,0,0,0.0,mohamed ibrahim0
Godwin Igwebuike,2TM,RB,12,0,0,0,0,0,0,0,0,0,0,0,0,0,0,0,0,0,0,0,0,0,0,0,0,0,0,0,0,0,0.0,godwin igwebuike0
Andy Isabella,BUF,WR,2,0,0,0,0,0,0,0,0,0,0,0,0,0,0,0,0,0,0,0,0,0,0,0,0,0,0,0,0,0,0.0,andy isabella0
Kearis Jackson,TEN,WR,2,0,0,0,0,0,0,0,0,0,0,0,0,0,0,0,0,0,0,0,0,0,0,0,0,0,0,0,0,0,0.0,kearis jackson0
Lucky Jackson,MIN,WR,3,0,0,0,0,0,0,0,0,0,0,0,0,0,0,0,0,0,0,0,0,0,0,0,0,0,0,0,0,0,0.0,lucky jackson0
Shedrick Jackson,CIN,WR,5,0,0,0,0,0,0,0,0,0,0,0,0,0,0,0,0,0,0,0,0,1,0,0,0,0,0,0,0,0,0.0,shedrick jackson0
Tyree Jackson,NYG,TE,2,0,0,0,0,0,0,0,0,0,0,0,0,0,0,0,0,0,0,0,0,0,0,0,0,0,0,0,0,0,0.0,tyree jackson0
Johnny Johnson,HOU,WR,1,0,0,0,0,0,0,0,0,0,0,0,0,0,0,0,0,0,0,0,0,0,0,0,0,0,0,0,0,0,0.0,johnny johnson0
Hunter Kampmoyer,LAC,TE,1,0,0,0,0,0,0,0,0,0,0,0,0,0,0,0,0,0,0,0,0,0,0,0,0,0,0,0,0,0,0.0,hunter kampmoyer0
Dalton Keene,HOU,TE,1,0,0,0,0,0,0,0,0,0,0,0,0,0,0,0,0,0,0,0,0,0,0,0,0,0,0,0,0,0,0.0,dalton keene0
Tyler Kroft,MIA,TE,8,0,0,0,0,0,0,0,0,0,0,0,0,0,0,0,0,0,0,0,0,0,0,0,0,0,0,0,0,0,0.0,tyler kroft0
Zack Kuntz,NYJ,TE,1,0,0,0,0,0,0,0,0,0,0,0,0,0,0,0,0,0,0,0,0,0,0,0,0,0,0,0,0,0,0.0,zack kuntz0
Kwamie Lassiter II,CIN,WR,1,0,0,0,0,0,2,0,0,0,0,0,0,0,0,0,2,0,0,0,0,1,1,0,0,2,0,0,0,0,0.0,kwamie lassiter ii0
Hunter Long,LAR,TE,4,0,0,0,0,0,0,0,0,0,0,0,0,0,0,0,0,0,0,0,0,0,0,0,0,0,0,0,0,0,0.0,hunter long0
Tay Martin,SFO,WR,1,0,0,0,0,0,0,0,0,0,0,0,0,0,0,0,0,0,0,0,0,0,0,0,0,0,0,0,0,0,0.0,tay martin0
Ben Mason,BAL,FB,1,0,0,0,0,0,0,0,0,0,0,0,0,0,0,0,0,0,0,0,0,0,0,0,0,0,0,0,0,0,0.0,ben mason0
Jordan Matthews,CAR,TE,1,0,0,0,0,0,0,0,0,0,0,0,0,0,0,0,0,0,0,0,0,0,0,0,0,0,0,0,0,0,0.0,jordan matthews0
Kenny McIntosh,SEA,RB,3,0,0,0,0,0,0,0,0,0,0,0,0,0,0,0,0,0,0,0,0,0,0,0,0,0,0,0,0,0,0.0,kenny mcintosh0
Sean McKeon,DAL,TE,9,0,0,0,0,0,0,0,0,0,0,0,0,0,0,0,0,0,0,0,0,2,0,0,0,0,0,0,0,0,0.0,sean mckeon0
Tre' McKitty,LAC,TE,6,0,0,0,0,0,0,0,0,0,0,0,0,0,0,0,0,0,0,0,0,0,0,0,0,0,0,0,0,0,0.0,tre' mckitty0
Jeremy McNichols,SFO,RB,3,0,0,0,0,0,0,0,0,0,0,0,0,0,0,0,0,0,0,0,0,0,0,0,0,0,0,0,0,0,0.0,jeremy mcnichols0
Kirk Merritt,NOR,WR,1,0,0,0,0,0,0,0,0,0,0,0,0,0,0,0,0,0,0,0,0,0,0,0,0,0,0,0,0,0,0.0,kirk merritt0
Ryan Miller,TAM,WR,1,0,0,0,0,0,0,0,0,0,0,0,0,0,0,0,0,0,0,0,0,0,0,0,0,0,0,0,0,0,0.0,ryan miller0
Jordan Mims,NOR,RB,2,0,0,0,0,0,0,0,0,0,0,0,0,0,0,0,0,0,0,0,0,2,0,0,0,0,0,0,0,0,0.0,jordan mims0
Stanley Morgan Jr.,CIN,WR,3,0,0,0,0,0,0,0,0,0,0,0,0,0,0,0,0,0,0,0,0,0,0,0,0,0,0,0,0,0,0.0,stanley morgan jr.0
Albert Okwuegbunam,PHI,TE,4,0,0,0,0,0,0,0,0,0,0,0,0,0,0,0,0,0,0,0,0,1,0,0,0,0,0,0,0,0,0.0,albert okwuegbunam0
Qadree Ollison,PIT,RB,2,0,0,0,0,0,0,0,0,0,0,0,0,0,0,0,0,0,0,0,0,0,0,0,0,0,0,0,0,0,0.0,qadree ollison0
Henry Pearson,GNB,FB,2,0,0,0,0,0,0,0,0,0,0,0,0,0,0,0,0,0,0,0,0,0,0,0,0,0,0,0,0,0,0.0,henry pearson0
Josh Pederson,JAX,TE,3,0,0,0,0,0,0,0,0,0,0,0,0,0,0,0,0,0,0,0,0,0,0,0,0,0,0,0,0,0,0.0,josh pederson0
Nathan Peterman,CHI,QB,2,0,0,2,0,-4,0,0,0,0,0,0,0,2,0,-4,0,0,0,0,0,0,0,0,-4,0,0,0,0,0,0.0,nathan peterman0
Adam Prentice,NOR,FB,13,0,0,2,0,12,12,0,0,0,0,0,0,2,0,12,12,0,0,0,0,3,2,0,12,12,0,0,0,0,0.0,adam prentice0
Deneric Prince,KAN,RB,2,0,0,0,0,0,0,0,0,0,0,0,0,0,0,0,0,0,0,0,0,0,0,0,0,0,0,0,0,0,0.0,deneric prince0
Giovanni Ricci,CAR,FB,5,0,0,0,0,0,2,0,0,0,0,0,0,0,0,0,2,0,0,0,0,1,1,0,0,2,0,0,0,0,0.0,giovanni ricci0
James Robinson,GNB,RB,1,0,0,1,0,2,-2,0,0,0,0,0,0,1,0,2,-2,0,0,0,0,1,1,0,2,-2,0,0,0,0,0.0,james robinson0
Aaron Rodgers,NYJ,QB,1,0,1,0,0,0,0,0,0,0,0,0,1,0,0,0,0,0,0,0,0,0,0,0,0,0,0,0,0,0,0.0,aaron rodgers0
Amari Rodgers,IND,WR,3,0,0,0,0,0,0,0,0,0,0,0,0,0,0,0,0,0,0,0,0,2,0,0,0,0,0,0,0,0,0.0,amari rodgers0
Brady Russell,SEA,TE,15,0,0,0,0,0,0,0,0,0,0,0,0,0,0,0,0,0,0,0,0,0,0,0,0,0,0,0,0,0,0.0,brady russell0
David Sills,DEN,WR,3,0,0,0,0,0,0,0,0,0,0,0,0,0,0,0,0,0,0,0,0,0,0,0,0,0,0,0,0,0,0.0,david sills0
Matthew Slater,NWE,WR,16,0,0,0,0,0,0,0,0,0,0,0,0,0,0,0,0,0,0,0,0,0,0,0,0,0,0,0,0,0,0.0,matthew slater0
Tre'Quan Smith,DEN,WR,1,0,0,0,0,0,0,0,0,0,0,0,0,0,0,0,0,0,0,0,0,0,0,0,0,0,0,0,0,0,0.0,tre'quan smith0
Matt Sokol,NWE,TE,3,0,0,0,0,0,0,0,0,0,0,0,0,0,0,0,0,0,0,0,0,0,0,0,0,0,0,0,0,0,0.0,matt sokol0
SaRodorick Thompson,SEA,RB,1,0,0,0,0,0,0,0,0,0,0,0,0,0,0,0,0,0,0,0,0,0,0,0,0,0,0,0,0,0,0.0,sarodorick thompson0
Mitchell Tinsley,WAS,WR,2,0,0,0,0,0,0,0,0,0,0,0,0,0,0,0,0,0,0,0,0,0,0,0,0,0,0,0,0,0,0.0,mitchell tinsley0
Noah Togiai,PHI,TE,1,0,0,0,0,0,0,0,0,0,0,0,0,0,0,0,0,0,0,0,0,0,0,0,0,0,0,0,0,0,0.0,noah togiai0
Kyle Trask,TAM,QB,2,0,1,1,0,-1,0,0,0,0,0,0,1,1,0,-1,0,0,0,0,0,0,0,0,-1,0,0,0,0,0,0.0,kyle trask0
DJ Turner,LVR,WR,10,0,0,0,0,0,0,0,0,0,0,0,0,0,0,0,0,0,0,0,0,0,0,0,0,0,0,0,0,0,0.0,dj turner0
Xazavian Valladay,NYJ,RB,1,0,0,0,0,0,0,0,0,0,0,0,0,0,0,0,0,0,0,0,0,0,0,0,0,0,0,0,0,0,0.0,xazavian valladay0
Nick Vannett,LAC,TE,8,0,0,0,0,0,3,0,0,0,0,0,0,0,0,0,3,0,0,0,0,1,1,0,0,3,0,0,0,0,0.0,nick vannett0
Travis Vokolek,ARI,TE,2,0,0,0,0,0,0,0,0,0,0,0,0,0,0,0,0,0,0,0,0,0,0,0,0,0,0,0,0,0,0.0,travis vokolek0
Dwayne Washington,DEN,RB,13,0,0,0,0,0,0,0,0,0,0,0,0,0,0,0,0,0,0,0,0,0,0,0,0,0,0,0,0,0,0.0,dwayne washington0
Montrell Washington,KAN,WR,6,0,0,0,0,0,0,0,0,0,0,0,0,0,0,0,0,0,0,0,0,0,0,0,0,0,0,0,0,0,0.0,montrell washington0
Blake Whiteheart,ARI,TE,2,0,0,0,0,0,0,0,0,0,0,0,0,0,0,0,0,0,0,0,0,0,0,0,0,0,0,0,0,0,0.0,blake whiteheart0
Kristian Wilkerson,LVR,WR,2,0,0,0,0,0,0,0,0,0,0,0,0,0,0,0,0,0,0,0,0,0,0,0,0,0,0,0,0,0,0.0,kristian wilkerson0
Brayden Willis,SFO,TE,7,0,0,0,0,0,0,0,0,0,0,0,0,0,0,0,0,0,0,0,0,0,0,0,0,0,0,0,0,0,0.0,brayden willis0
Jonathan Williams,WAS,RB,1,0,0,1,0,-2,0,0,0,0,0,0,0,1,0,-2,0,0,0,0,0,1,0,0,-2,0,0,0,0,0,0.0,jonathan williams0
Rodney Williams,PIT,TE,13,0,0,0,0,0,0,0,0,0,0,0,0,0,0,0,0,0,0,0,0,2,0,0,0,0,0,0,0,0,0.0,rodney williams0
Juwann Winfree,IND,WR,8,0,0,0,0,0,0,0,0,0,0,0,0,0,0,0,0,0,0,0,0,1,0,0,0,0,0,0,0,0,0.0,juwann winfree0
Easop Winston,SEA,WR,1,0,0,0,0,0,0,0,0,0,0,0,0,0,0,0,0,0,0,0,0,0,0,0,0,0,0,0,0,0,0.0,easop winston0
Logan Woodside,ATL,QB,1,3,4,1,27,6,0,0,0,0,0,1,4,1,27,6,0,0,0,0,0,0,0,27,6,0,0,0,0,0,0.0,logan woodside0
Owen Wright,BAL,RB,1,0,0,0,0,0,0,0,0,0,0,0,0,0,0,0,0,0,0,0,0,0,0,0,0,0,0,0,0,0,0.0,owen wright0
Dareke Young,SEA,WR,6,0,0,0,0,0,0,0,0,0,0,0,0,0,0,0,0,0,0,0,0,0,0,0,0,0,0,0,0,0,0.0,dareke young0
Kyle Allen,BUF,QB,7,0,0,13,0,-13,0,0,0,0,0,0,0,13,0,-13,0,0,0,0,0,0,0,0,-13,0,0,0,0,0,-1.0,kyle allen0
Deon Jackson,3TM,RB,4,0,0,14,0,16,14,0,0,0,0,0,0,14,0,16,14,0,0,0,0,6,5,0,16,14,0,0,0,0,-1.0,deon jackson0
David Wells,TAM,TE,5,0,0,0,0,0,-10,0,0,0,0,0,0,0,0,0,-10,0,0,0,0,2,2,0,0,-10,0,0,0,0,-1.0,david wells0
James Proche,CLE,WR,10,0,0,0,0,0,0,0,0,0,0,0,0,0,0,0,0,0,0,0,0,5,0,0,0,0,0,0,0,0,-2.0,james proche0
Trent Taylor,CHI,WR,17,0,0,1,0,-2,0,0,0,0,0,0,0,1,0,-2,0,0,0,0,0,2,0,0,-2,0,0,0,0,0,-2.0,trent taylor0
